PS Name,Year,FIR Number,No of Person Arrested,Status of the case
Barke,2014,1,4,PT
Barke,2014,2,0,TRACED
Barke,2014,3,0,UI
Barke,2014,4,2,PT
Barke,2014,5,1,CONVICTED
Barke,2014,6,1,PT
Barke,2014,7,0,UN DETECTED
Barke,2014,8,0,UI
Barke,2014,9,0,UN DETECTED
Barke,2014,10,0,UI
Barke,2014,11,0,UI
Barke,2014,12,1,UI
Barke,2014,13,0,UI
Barke,2014,14,0,UI
Barke,2014,15,2,PT
Barke,2014,16,0,UI
Barke,2014,17,0,UI
Barke,2014,18,1,PT
Barke,2014,19,0,UI
Barke,2014,20,1,PT
Barke,2014,21,6,PT
Barke,2014,22,0,TRACED
Barke,2014,23,4,PT
Barke,2014,24,0,UI
Barke,2014,25,2,PT
Barke,2014,26,1,CONVICTED
Barke,2014,27,0,PT
Barke,2014,28,0,BOUND OVER
Barke,2014,29,0,BOUND OVER
Barke,2014,30,0,TRACED
Barke,2014,31,0,TRACED
Barke,2014,32,0,TRACED
Barke,2014,33,2,BOUND OVER
Barke,2014,34,1,BOUND OVER
Barke,2014,35,0,UI
Barke,2014,36,0,UI
Barke,2014,37,0,UI
Barke,2014,38,1,BOUND OVER
Barke,2014,39,0,UN DETECTED
Barke,2014,40,0,UI
Barke,2014,41,0,UI
Barke,2014,42,0,TRACED
Barke,2014,43,0,UI
Barke,2014,44,0,UI
Barke,2014,45,0,UI
Barke,2014,46,0,UI
Barke,2014,47,1,PT
Barke,2014,48,0,PT
Barke,2014,49,0,UI
Barke,2014,50,1,BOUND OVER
Barke,2014,51,1,BOUND OVER
Barke,2014,52,0,UI
Barke,2014,53,1,UI
Barke,2014,54,4,PT
Barke,2014,55,0,TRACED
Barke,2014,56,2,UI
Barke,2014,57,1,PT
Barke,2014,58,0,PT
Barke,2014,59,0,UI
Barke,2014,60,0,UI
Barke,2014,61,0,TRACED
Barke,2014,62,2,UI
Barke,2014,63,0,PT
Barke,2014,64,1,PT
Barke,2014,65,1,BOUND OVER
Barke,2014,66,0,UI
Barke,2014,67,1,BOUND OVER
Barke,2014,68,1,BOUND OVER
Barke,2014,69,2,PT
Barke,2014,70,0,TRACED
Barke,2014,71,0,UI
Barke,2014,72,4,PT
Barke,2014,73,0,BOUND OVER
Barke,2014,74,0,UI
Barke,2014,75,0,UI
Barke,2014,76,0,UI
Barke,2014,77,0,TRACED
Barke,2014,78,0,UI
Barke,2014,79,0,UI
Barke,2014,80,0,UI
Barke,2014,81,0,UI
Barke,2014,82,0,BOUND OVER
Barke,2014,83,0,TRANSFERD TO UPPINANGADY PS
Barke,2014,84,1,PT
Barke,2014,85,1,PT
Barke,2014,86,0,UI
Barke,2014,87,0,TRACED
Barke,2014,88,1,CONVICTED
Barke,2014,89,0,UI
Barke,2014,90,0,TRACED
Barke,2014,91,0,UI
Barke,2014,92,0,PT
Barke,2014,93,0,UI
Barke,2014,94,0,PT
Barke,2014,95,1,PT
Barke,2014,96,0,TRACED
Barke,2014,97,0,UI
Barke,2014,98,0,BOUND OVER
Barke,2014,99,1,BOUND OVER
Barke,2014,100,2,UI
Barke,2014,101,0,UI
Barke,2014,102,7,UI
Barke,2014,103,1,UI
Barke,2014,104,3,UI
Barke,2014,105,2,UI
Barke,2014,106,0,UI
Barke,2014,107,2,CONVICTED
Barke,2014,108,0,UI
Barke,2014,109,1,UI
Barke,2014,110,0,BOUND OVER
Barke,2014,111,1,PT
Barke,2014,112,0,UI
Barke,2014,113,0,UI
Barke,2014,114,1,UI
Barke,2014,115,4,PT
Barke,2014,116,0,BOUND OVER
Barke,2014,117,0,BOUND OVER
Barke,2014,118,0,BOUND OVER
Barke,2014,119,0,BOUND OVER
Barke,2014,120,0,BOUND OVER
Barke,2014,121,0,BOUND OVER
Barke,2014,122,0,BOUND OVER
Barke,2014,123,0,BOUND OVER
Barke,2014,124,0,BOUND OVER
Barke,2014,125,0,BOUND OVER
Barke,2014,126,0,BOUND OVER
Barke,2014,127,0,BOUND OVER
Barke,2014,128,0,BOUND OVER
Barke,2014,129,0,BOUND OVER
Barke,2014,130,0,BOUND OVER
Barke,2014,131,0,BOUND OVER
Barke,2014,132,0,BOUND OVER
Barke,2014,133,0,BOUND OVER
Barke,2014,134,0,BOUND OVER
Barke,2014,135,0,UI
Barke,2014,136,0,BOUND OVER
Barke,2014,137,0,OTHER DISPOSAL
Barke,2014,138,0,BOUND OVER
Barke,2014,139,0,BOUND OVER
Barke,2014,140,0,BOUND OVER
Barke,2014,141,0,BOUND OVER
Barke,2014,142,0,BOUND OVER
Barke,2014,143,0,BOUND OVER
Barke,2014,144,0,BOUND OVER
Barke,2014,145,0,UI
Barke,2014,146,0,UI
Barke,2014,147,0,UI
Barke,2014,148,0,UI
Barke,2014,149,0,UI
Barke,2014,150,0,UI
Barke,2014,151,0,UI
Barke,2014,152,0,UI
Barke,2014,153,0,BOUND OVER
Barke,2014,154,0,BOUND OVER
Barke,2014,155,0,BOUND OVER
Barke,2014,156,0,BOUND OVER
Barke,2014,157,0,BOUND OVER
Barke,2014,158,0,BOUND OVER
Barke,2014,159,0,UI
Barke,2014,160,0,BOUND OVER
Barke,2014,161,0,BOUND OVER
Barke,2015,1,0,UI
Barke,2015,2,0,TRACED
Barke,2015,3,0,UI
Barke,2015,4,1,UI
Barke,2015,5,0,TRACED
Barke,2015,6,0,PT
Barke,2015,7,0,PT
Barke,2015,8,0,PT
Barke,2015,9,0,UI
Barke,2015,10,0,UI
Barke,2015,11,1,CONVICTED
Barke,2015,12,0,TRACED
Barke,2015,13,0,UI
Barke,2015,14,0,TRACED
Barke,2015,15,2,UI
Barke,2015,16,1,PT
Barke,2015,17,0,TRACED
Barke,2015,18,7,UI
Barke,2015,19,0,UI
Barke,2015,20,0,TRACED
Barke,2015,21,0,TRACED
Barke,2015,22,1,UI
Barke,2015,23,0,UI
Barke,2015,24,0,UI
Barke,2015,25,0,UI
Barke,2015,26,7,UI
Barke,2015,27,1,CONVICTED
Barke,2015,28,1,CONVICTED
Barke,2015,29,0,UI
Barke,2015,30,0,UI
Barke,2015,31,0,UI
Barke,2015,32,0,UI
Barke,2015,33,0,UI
Barke,2015,34,6,UI
Barke,2015,35,0,UI
Barke,2015,36,7,UI
Barke,2015,37,2,UI
Barke,2015,38,0,UI
Barke,2015,39,8,UI
Barke,2015,40,0,UI
Barke,2015,41,4,UI
Surathkal,2014,1,0,Traced
Surathkal,2014,2,1,PT
Surathkal,2014,3,1,Conviction
Surathkal,2014,4,2,PT
Surathkal,2014,5,1,Acquitted
Surathkal,2014,6,1,Conviction
Surathkal,2014,7,3,Dismissed in Highcourt
Surathkal,2014,8,0,C Report
Surathkal,2014,9,0,C Report
Surathkal,2014,10,9,PT
Surathkal,2014,11,1,Conviction
Surathkal,2014,12,1,Conviction
Surathkal,2014,13,0,Transferred to East PS
Surathkal,2014,14,3,Acquitted
Surathkal,2014,15,7,Acquitted
Surathkal,2014,16,1,Acquitted
Surathkal,2014,17,0,Bondover
Surathkal,2014,18,1,Conviction
Surathkal,2014,19,1,Bondover
Surathkal,2014,20,0,C report
Surathkal,2014,21,2,PT
Surathkal,2014,22,0,Acquitted
Surathkal,2014,23,2,Chargesheet Submitted awaiting CC
Surathkal,2014,24,1,PT
Surathkal,2014,25,1,Conviction
Surathkal,2014,26,0,UI
Surathkal,2014,27,1,Conviction
Surathkal,2014,28,1,PT
Surathkal,2014,29,1,Conviction
Surathkal,2014,30,5,PT
Surathkal,2014,31,4,PT
Surathkal,2014,32,0,Traced
Surathkal,2014,33,1,Acquitted
Surathkal,2014,34,1,Conviction
Surathkal,2014,35,2,Acquitted
Surathkal,2014,36,0,C Report
Surathkal,2014,37,0,Bondover
Surathkal,2014,38,0,Acquitted
Surathkal,2014,39,3,PT
Surathkal,2014,40,0,Charge abetted
Surathkal,2014,41,0,C Report
Surathkal,2014,42,0,Transferred to South PS
Surathkal,2014,43,0,C Report
Surathkal,2014,44,3,PT
Surathkal,2014,45,1,Conviction
Surathkal,2014,46,7,Conviction
Surathkal,2014,47,0,C Report
Surathkal,2014,48,1,PT
Surathkal,2014,49,0,C Report
Surathkal,2014,50,0,UI
Surathkal,2014,51,2,PT
Surathkal,2014,52,1,Conviction
Surathkal,2014,53,1,Conviction
Surathkal,2014,54,1,Conviction
Surathkal,2014,55,1,PT
Surathkal,2014,56,6,PT
Surathkal,2014,57,1,PT
Surathkal,2014,58,4,Chargesheet Submitted awaiting CC
Surathkal,2014,59,1,Bondover
Surathkal,2014,60,1,PT
Surathkal,2014,61,0,Traced
Surathkal,2014,62,0,C report
Surathkal,2014,63,0,UI
Surathkal,2014,64,0,C report
Surathkal,2014,65,1,PT
Surathkal,2014,66,0,Chargesheet Submitted awaiting CC
Surathkal,2014,67,1,Conviction
Surathkal,2014,68,0,B report
Surathkal,2014,69,0,B report
Surathkal,2014,70,0,B report
Surathkal,2014,71,0,B report
Surathkal,2014,72,0,B report
Surathkal,2014,73,1,PT
Surathkal,2014,74,1,PT
Surathkal,2014,75,0,C Report
Surathkal,2014,76,0,C Report
Surathkal,2014,77,0,Traced
Surathkal,2014,78,0,C Report
Surathkal,2014,79,4,Acquitted
Surathkal,2014,80,1,Conviction
Surathkal,2014,81,2,PT
Surathkal,2014,82,1,PT
Surathkal,2014,83,0,Traced
Surathkal,2014,84,1,PT
Surathkal,2014,85,0,Bondover
Surathkal,2014,86,0,C Report
Surathkal,2014,87,0,Bondover
Surathkal,2014,88,0,Conviction
Surathkal,2014,89,0,Bondover
Surathkal,2014,90,0,Bondover
Surathkal,2014,91,2,PT
Surathkal,2014,92,1,Acquitted
Surathkal,2014,93,2,PT
Surathkal,2014,94,1,Conviction
Surathkal,2014,95,0,Traced
Surathkal,2014,96,0,PT
Surathkal,2014,97,0,Traced
Surathkal,2014,98,1,Acquitted
Surathkal,2014,99,0,UI
Surathkal,2014,100,3,Chargesheet Submitted awaiting CC
Surathkal,2014,101,0,UI
Surathkal,2014,102,0,C report
Surathkal,2014,103,0,Traced
Surathkal,2014,104,0,C report
Surathkal,2014,105,0,UI
Surathkal,2014,106,0,Bondover
Surathkal,2014,107,0,Bondover
Surathkal,2014,108,0,Bondover
Surathkal,2014,109,5,PT
Surathkal,2014,110,0,Bondover
Surathkal,2014,111,0,Bondover
Surathkal,2014,112,0,Bondover
Surathkal,2014,113,0,Bondover
Surathkal,2014,114,0,PT
Surathkal,2014,115,1,Acquitted
Surathkal,2014,116,0,Bondover
Surathkal,2014,117,0,Bondover
Surathkal,2014,118,0,Bondover
Surathkal,2014,119,1,PT
Surathkal,2014,120,0,B report
Surathkal,2014,121,0,Bondover
Surathkal,2014,122,1,Chargesheet Submitted awaiting CC
Surathkal,2014,123,0,Bondover
Surathkal,2014,124,0,Bondover
Surathkal,2014,125,0,Bondover
Surathkal,2014,126,0,Bondover
Surathkal,2014,127,0,C Report
Surathkal,2014,128,0,Bondover
Surathkal,2014,129,0,Bondover
Surathkal,2014,130,1,PT
Surathkal,2014,131,0,Bondover
Surathkal,2014,132,0,Bondover
Surathkal,2014,133,0,C Report
Surathkal,2014,134,0,C Report
Surathkal,2014,135,2,Chargesheet Submitted awaiting CC
Surathkal,2014,136,0,Bondover
Surathkal,2014,137,0,B report
Surathkal,2014,138,0,C report
Surathkal,2014,139,1,PT
Surathkal,2014,140,1,Conviction
Surathkal,2014,141,1,Chargesheet Submitted awaiting CC
Surathkal,2014,142,0,B report
Surathkal,2014,143,1,PT
Surathkal,2014,144,0,B report
Surathkal,2014,145,1,PT
Surathkal,2014,146,0,Traced
Surathkal,2014,147,1,PT
Surathkal,2014,148,3,Chargesheet Submitted awaiting CC
Surathkal,2014,149,2,PT
Surathkal,2014,150,1,PT
Surathkal,2014,151,1,PT
Surathkal,2014,152,1,PT
Surathkal,2014,153,0,C report
Surathkal,2014,154,5,PT
Surathkal,2014,155,1,Chargesheet Submitted awaiting CC
Surathkal,2014,156,0,C Report
Surathkal,2014,157,0,C Report
Surathkal,2014,158,1,Conviction
Surathkal,2014,159,1,PT
Surathkal,2014,160,0,UI
Surathkal,2014,161,0,UI
Surathkal,2014,162,0,C Report
Surathkal,2014,163,1,PT
Surathkal,2014,164,1,Conviction
Surathkal,2014,165,2,PT
Surathkal,2014,166,1,PT
Surathkal,2014,167,0,Chargesheet Submitted awaiting CC
Surathkal,2014,168,0,Traced
Surathkal,2014,169,1,PT
Surathkal,2014,170,0,UI
Surathkal,2014,171,1,PT
Surathkal,2014,172,0,Acquitted
Surathkal,2014,173,0,B report
Surathkal,2014,174,5,Chargesheet Submitted awaiting CC
Surathkal,2014,175,3,PT
Surathkal,2014,176,1,PT
Surathkal,2014,177,1,Conviction
Surathkal,2014,178,1,Chargesheet Submitted awaiting CC
Surathkal,2014,179,3,Chargesheet Submitted awaiting CC
Surathkal,2014,180,1,Conviction
Surathkal,2014,181,0,Traced
Surathkal,2014,182,2,Chargesheet Submitted awaiting CC
Surathkal,2014,183,0,C Report
Surathkal,2014,184,1,Chargesheet Submitted awaiting CC
Surathkal,2014,185,4,Chargesheet Submitted awaiting CC
Surathkal,2014,186,0,UI
Surathkal,2014,187,0,UI
Surathkal,2014,188,1,Conviction
Surathkal,2014,189,1,Chargesheet Submitted awaiting CC
Surathkal,2014,190,0,Traced
Surathkal,2014,191,0,UI
Surathkal,2014,192,0,Traced
Surathkal,2014,193,3,Conviction
Surathkal,2014,194,0,C report
Surathkal,2014,195,0,C report
Surathkal,2014,196,3,PT
Surathkal,2014,197,1,PT
Surathkal,2014,198,0,C report
Surathkal,2014,199,0,UI
Surathkal,2014,200,0,Traced
Surathkal,2014,201,0,C report
Surathkal,2014,202,0,C report
Surathkal,2014,203,0,B report
Surathkal,2014,204,4,Chargesheet Submitted awaiting CC
Surathkal,2014,205,0,Traced
Surathkal,2014,206,0,UI
Surathkal,2014,207,1,PT
Surathkal,2014,208,0,Chargesheet Submitted awaiting CC
Surathkal,2014,209,1,PT
Surathkal,2014,210,7,Conviction
Surathkal,2014,211,0,Traced
Surathkal,2014,212,2,PT
Surathkal,2014,213,4,PT
Surathkal,2014,214,0,Traced
Surathkal,2014,215,1,Chargesheet Submitted awaiting CC
Surathkal,2014,216,3,Chargesheet Submitted awaiting CC
Surathkal,2014,217,1,Chargesheet Submitted awaiting CC
Surathkal,2014,218,0,Chargesheet Submitted awaiting CC
Surathkal,2014,219,5,PT
Surathkal,2014,220,0,B report
Surathkal,2014,221,0,UI
Surathkal,2014,222,1,PT
Surathkal,2014,223,2,PT
Surathkal,2014,224,2,PT
Surathkal,2014,225,1,Chargesheet Submitted awaiting CC
Surathkal,2014,226,1,Chargesheet Submitted awaiting CC
Surathkal,2014,227,0,C Report
Surathkal,2014,228,0,Traced
Surathkal,2014,229,0,UI
Surathkal,2014,230,0,Traced
Surathkal,2014,231,1,PT
Surathkal,2014,232,5,PT
Surathkal,2014,233,1,Compound
Surathkal,2014,234,0,Chargesheet Submitted awaiting CC
Surathkal,2014,235,3,Chargesheet Submitted awaiting CC
Surathkal,2014,236,0,B report
Surathkal,2014,237,0,UI
Surathkal,2014,238,0,C report
Surathkal,2014,239,0,C report
Surathkal,2014,240,0,UI
Surathkal,2014,241,0,Chargesheet Submitted awaiting CC
Surathkal,2014,242,0,UI
Surathkal,2014,243,0,PT
Surathkal,2014,244,0,UI
Surathkal,2014,245,0,UI
Surathkal,2014,246,0,C report
Surathkal,2014,247,0,UI
Surathkal,2014,248,0,Traced
Surathkal,2014,249,0,UI
Surathkal,2014,250,0,Chargesheet Submitted awaiting CC
Surathkal,2014,251,9,Chargesheet Submitted awaiting CC
Surathkal,2014,252,0,B report
Surathkal,2014,253,1,UI
Surathkal,2014,254,3,Chargesheet Submitted awaiting CC
Surathkal,2014,255,0,Traced
Surathkal,2014,256,2,Chargesheet Submitted awaiting CC
Surathkal,2014,257,0,UI
Surathkal,2014,258,1,Chargesheet Submitted awaiting CC
Surathkal,2014,259,1,PT
Surathkal,2014,260,1,PT
Surathkal,2014,261,0,UI
Surathkal,2014,262,0,UI
Surathkal,2014,263,1,UI
Surathkal,2014,264,2,PT
Surathkal,2014,265,1,PT
Surathkal,2014,266,0,UI
Surathkal,2014,267,1,Chargesheet Submitted awaiting CC
Surathkal,2014,268,0,Chargesheet Submitted awaiting CC
Surathkal,2014,269,0,UI
Surathkal,2014,270,0,Traced
Surathkal,2014,271,0,UI
Surathkal,2014,272,1,UI
Surathkal,2014,273,1,Chargesheet Submitted awaiting CC
Surathkal,2014,274,0,UI
Surathkal,2014,275,0,Chargesheet Submitted awaiting CC
Surathkal,2014,276,0,UI
Surathkal,2014,277,5,UI
Surathkal,2014,278,0,Chargesheet Submitted awaiting CC
Surathkal,2014,279,0,Chargesheet Submitted awaiting CC
Surathkal,2014,280,0,Chargesheet Submitted awaiting CC
Surathkal,2014,281,0,Chargesheet Submitted awaiting CC
Surathkal,2014,282,0,Chargesheet Submitted awaiting CC
Surathkal,2014,283,0,UI
Surathkal,2014,284,2,Chargesheet Submitted awaiting CC
Surathkal,2014,285,1,UI
Surathkal,2014,286,1,UI
Surathkal,2014,287,2,UI
Surathkal,2014,288,0,UI
Surathkal,2014,289,0,Bondover
Surathkal,2014,290,0,Bondover
Surathkal,2014,291,0,Bondover
Surathkal,2014,292,2,UI
Surathkal,2014,293,0,Traced
Surathkal,2014,294,0,UI
Surathkal,2014,295,0,B report
Surathkal,2014,296,0,UI
Surathkal,2014,297,6,UI
Surathkal,2014,298,0,UI
Surathkal,2014,299,1,UI
Surathkal,2014,300,0,UI
Surathkal,2014,301,0,Bondover
Surathkal,2014,302,0,Bondover
Surathkal,2014,303,0,Bondover
Surathkal,2014,304,0,Chargesheet Submitted awaiting CC
Surathkal,2014,305,0,UI
,,,,
PS NAME,YEAR,FIR NUMBER,NO OF PERSON ARRESTED,STATUS OF THE CASE
Surathkal,2015,1,2,Chargesheet Submitted awaiting CC
Surathkal,2015,2,6,Chargesheet Submitted awaiting CC
Surathkal,2015,3,0,UI
Surathkal,2015,4,0,Traced
Surathkal,2015,5,2,UI
Surathkal,2015,6,0,UI
Surathkal,2015,7,0,UI
Surathkal,2015,8,1,UI
Surathkal,2015,9,0,B report
Surathkal,2015,10,0,UI
Surathkal,2015,11,3,Chargesheet Submitted awaiting CC
Surathkal,2015,12,0,Traced
Surathkal,2015,13,1,UI
Surathkal,2015,14,0,UI
Surathkal,2015,15,0,Traced
Surathkal,2015,16,0,UI
Surathkal,2015,17,0,UI
Surathkal,2015,18,0,UI
Surathkal,2015,19,0,Traced
Surathkal,2015,20,0,UI
Surathkal,2015,21,4,UI
Surathkal,2015,22,0,UI
Surathkal,2015,23,0,UI
Surathkal,2015,24,2,UI
Surathkal,2015,25,0,UI
Surathkal,2015,26,2,UI
Surathkal,2015,27,5,UI
Surathkal,2015,28,0,UI
Surathkal,2015,29,7,UI
Surathkal,2015,30,14,Chargesheet Submitted awaiting CC
Surathkal,2015,31,5,UI
Surathkal,2015,32,0,UI
Surathkal,2015,33,0,UI
Surathkal,2015,34,0,UI
Surathkal,2015,35,1,UI
Surathkal,2015,36,0,Traced
Surathkal,2015,37,0,UI
Surathkal,2015,38,0,Traced
Surathkal,2015,39,1,UI
Surathkal,2015,40,0,UI
Surathkal,2015,41,3,UI
Surathkal,2015,42,0,UI
Surathkal,2015,43,0,UI
Surathkal,2015,44,0,UI
Surathkal,2015,45,0,Traced
Surathkal,2015,46,0,UI
Surathkal,2015,47,0,UI
Surathkal,2015,48,0,UI
Surathkal,2015,49,0,UI
Surathkal,2015,50,0,UI
Surathkal,2015,51,0,UI
Surathkal,2015,52,0,UI
Surathkal,2015,53,0,UI
Konaje,2014,1,-,Traced (Girl Missing)
Konaje,2014,2,-,U/I
Konaje,2014,3,3,P.T
Konaje,2014,4,1,P.T
Konaje,2014,5,1,Con
Konaje,2014,6,-,U/I
Konaje,2014,7,-,B Report
Konaje,2014,8,-,U/I
Konaje,2014,9,1,Con
Konaje,2014,10,-,Traced (Women Missing)
Konaje,2014,12,1,P.T
Konaje,2014,13,1,Con
Konaje,2014,14,1,P.T
Konaje,2014,15,1,P.T
Konaje,2014,16,-,C Report
Konaje,2014,17,-,C Report
Konaje,2014,18,1,Con
Konaje,2014,19,5,P.T
Konaje,2014,20,1,Aboted
Konaje,2014,21,1,P.T
Konaje,2014,22,-,U/I
Konaje,2014,23,-,U/I
Konaje,2014,24,1,P.T
Konaje,2014,25,1,U/I
Konaje,2014,26,1,P.T
Konaje,2014,27,-,Security Case
Konaje,2014,28,-,Security Case
Konaje,2014,29,-,Security Case
Konaje,2014,30,-,Security Case
Konaje,2014,31,-,Security Case
Konaje,2014,32,-,Security Case
Konaje,2014,33,-,Security Case
Konaje,2014,34,4,U/I
Konaje,2014,35,-,Security Case
Konaje,2014,36,-,Security Case
Konaje,2014,37,-,Security Case
Konaje,2014,38,-,U/I
Konaje,2014,39,-,Security Case
Konaje,2014,40,1,P.T
Konaje,2014,41,-,Security Case
Konaje,2014,42,-,U/I
Konaje,2014,43,-,B Report
Konaje,2014,44,-,B Report
Konaje,2014,45,-,Security Case
Konaje,2014,46,-,U/I
Konaje,2014,47,4,P.T
Konaje,2014,48,-,U/I
Konaje,2014,49,-,Security Case
Konaje,2014,50,-,Security Case
Konaje,2014,51,1,U/I
Konaje,2014,52,2,P.T
Konaje,2014,53,1,P.T
Konaje,2014,54,-,Security Case
Konaje,2014,55,-,Security Case
Konaje,2014,56,1,Con
Konaje,2014,57,2,P.T
Konaje,2014,58,2,P.T
Konaje,2014,59,-,Security Case
Konaje,2014,60,1,P.T
Konaje,2014,61,5,P.T
Konaje,2014,62,1,Con
Konaje,2014,63,1,P.T
Konaje,2014,64,-,U/I
Konaje,2014,65,1,Con
Konaje,2014,66,-,Security Case
Konaje,2014,67,1,Con
Konaje,2014,68,1,Aboted
Konaje,2014,69,2,U/I
Konaje,2014,70,1,Con
Konaje,2014,71,1,U/I
Konaje,2014,72,-,U/I
Konaje,2014,73,,Traced (Boy Missing)
Konaje,2014,74,-,Trnsfer
Konaje,2014,75,1,P.T
Konaje,2014,76,1,Con
Konaje,2014,77,1,Con
Konaje,2014,78,-,B Report
Konaje,2014,79,1,Con
Konaje,2014,80,1,Con
Konaje,2014,81,1,P.T
Konaje,2014,82,-,U/I
Konaje,2014,83,-,U/I
Konaje,2014,84,-,U/I
Konaje,2014,85,1,P.T
Konaje,2014,86,3,P.T
Konaje,2014,87,1,Con
Konaje,2014,88,-,U/I
Konaje,2014,89,1,U/I
Konaje,2014,90,1,P.T
Konaje,2014,91,-,Treced (Girl Misiing)
Konaje,2014,92,1,P.T
Konaje,2014,93,1,P.T
Konaje,2014,94,4,P.T
Konaje,2014,95,4,P.T
Konaje,2014,96,13,P.T
Konaje,2014,97,1,P.T
Konaje,2014,98,1,U/I
Konaje,2014,99,-,U/I
Konaje,2014,100,-,Security Case
Konaje,2014,101,-,Security Case
Konaje,2014,102,-,U/I
Konaje,2014,103,5,P.T
Konaje,2014,104,1,P.T
Konaje,2014,105,1,TRANSFER
Konaje,2014,106,1,P.T
Konaje,2014,107,3,P.T
Konaje,2014,108,1,P.T
Konaje,2014,109,-,U/I
Konaje,2014,110,-,U/I
Konaje,2014,111,-,Security Case
Konaje,2014,112,-,Security Case
Konaje,2014,113,2,P.T
Konaje,2014,114,3,P.T
Konaje,2014,115,1,P.T
Konaje,2014,116,1,Con
Konaje,2014,117,1,P.T
Konaje,2014,118,1,P.T
Konaje,2014,119,-,U/I
Konaje,2014,120,-,U/I
Konaje,2014,121,6,P.T
Konaje,2014,122,3,P.T
Konaje,2014,123,1,Con
Konaje,2014,124,1,P.T
Konaje,2014,125,1,U/I
Konaje,2014,126,1,Con
Konaje,2014,127,1,Con
Konaje,2014,128,-,U/I
Konaje,2014,129,-,U/I
Konaje,2014,130,1,P.T
Konaje,2014,131,1,U/I
Konaje,2014,132,-,U/I
Konaje,2014,133,-,Traced (Girl Missing)
Konaje,2014,134,1,P.T
Konaje,2014,135,-,U/I
Konaje,2014,136,-,U/I
Konaje,2014,137,-,U/I
Konaje,2014,138,1,P.T
Konaje,2014,139,4,P.T
Konaje,2014,140,1,U/I
Konaje,2014,141,2,U/I
Konaje,2014,142,-,Security Case
Konaje,2014,143,-,Security Case
Konaje,2014,144,1,P.T
Konaje,2014,145,3,P.T
Konaje,2014,146,-,U/I
Konaje,2014,147,-,Con
Konaje,2014,148,-,Trced (Boy Missing)
Konaje,2014,149,-,P.T
Konaje,2014,150,-,U/I
Konaje,2014,151,1,P.T
Konaje,2014,152,-,U/I
Konaje,2014,153,-,U/I
Konaje,2014,154,-,Security Case
Konaje,2014,155,7,P.T
Konaje,2014,156,18,U/I
Konaje,2014,157,-,U/I
Konaje,2014,158,-,U/I
Konaje,2014,159,1,Con
Konaje,2014,160,-,U/I
Konaje,2014,161,2,U/I
Konaje,2014,162,1,U/I
Konaje,2014,163,-,U/I
Konaje,2014,164,1,U/I
Konaje,2014,165,1,Con
Konaje,2014,166,1,P.T
Konaje,2014,167,-,Trced (Women Missing)
Konaje,2014,168,-,Trnsfer
Konaje,2014,169,-,U/I
Konaje,2014,170,1,U/I
Konaje,2014,171,-,U/I
Konaje,2014,172,-,Traced (Man Missing)
Konaje,2014,173,5,P.T
Konaje,2014,174,5,P.T
Konaje,2014,175,6,U/I
Konaje,2014,176,2,U/I
Konaje,2014,177,1,P.T
Konaje,2014,178,-,U/I
Konaje,2014,179,1,Con
Konaje,2014,180,3,P.T
Konaje,2014,181,-,Security Case
Konaje,2014,182,-,Security Case
Konaje,2014,183,-,Security Case
Konaje,2014,184,1,U/I
Konaje,2014,185,-,U/I
Konaje,2014,186,-,U/I
Konaje,2014,187,-,U/I
Konaje,2014,188,2,U/I
Konaje,2014,189,1,P.T
Konaje,2014,190,1,P.T
Konaje,2014,191,1,P.T
Konaje,2014,192,-,U/I
Konaje,2014,193,1,U/I
Konaje,2014,194,1,U/I
Konaje,2014,195,1,U/I
Konaje,2014,196,1,P.T
Konaje,2014,197,1,P.T
Konaje,2014,198,2,P.T
Konaje,2014,199,1,U/I
Konaje,2014,200,1,U/I
Konaje,2014,201,1,U/I
Konaje,2014,202,1,P.T
Konaje,2014,203,1,U/I
Konaje,2014,204,1,P.T
Konaje,2014,205,1,U/I
Konaje,2014,206,1,U/I
Konaje,2014,207,9,U/I
Konaje,2014,208,1,U/I
Konaje,2014,209,1,P.T
Konaje,2014,210,-,U/I
Konaje,2014,211,1,U/I
Konaje,2014,212,-,U/I
Konaje,2014,213,1,P.T
Konaje,2014,214,3,U/I
Konaje,2014,215,-,Traced (Boy Missing)
Konaje,2014,216,5,U/I
Konaje,2014,217,-,U/I
Konaje,2014,218,1,P.T
Konaje,2014,219,-,U/I
Konaje,2014,220,-,U/I
Konaje,2014,221,1,U/I
Konaje,2014,222,-,Security Case
Konaje,2014,223,-,Security Case
Konaje,2014,224,-,Security Case
Konaje,2014,225,-,Security Case
Konaje,2014,226,-,Security Case
Konaje,2014,227,-,Security Case
Konaje,2014,228,-,Security Case
Konaje,2014,229,-,Security Case
Konaje,2014,230,-,Security Case
Konaje,2014,231,-,Security Case
Konaje,2014,232,-,Security Case
Konaje,2014,233,-,Security Case
Konaje,2014,234,-,Security Case
Konaje,2014,235,-,Security Case
Konaje,2014,236,-,Security Case
Konaje,2014,237,-,Security Case
Konaje,2014,238,-,Security Case
Konaje,2014,239,-,Security Case
Konaje,2014,240,-,Security Case
Konaje,2014,241,-,Security Case
Konaje,2014,242,-,Security Case
Konaje,2014,243,1,Con
Konaje,2014,244,-,U/I
Konaje,2014,245,-,U/I
Konaje,2015,1,-,U/I
Konaje,2015,2,1,U/I
Konaje,2015,3,2,U/I
Konaje,2015,4,-,U/I
Konaje,2015,5,5,U/I
Konaje,2015,6,1,U/I
Konaje,2015,7,7,U/I
Konaje,2015,8,1,U/I
Konaje,2015,9,1,U/I
Konaje,2015,10,5,U/I
Konaje,2015,11,5,U/I
Konaje,2015,12,1,U/I
Konaje,2015,13,3,U/I
Konaje,2015,14,1,U/I
Konaje,2015,15,1,U/I
Konaje,2015,16,1,U/I
Konaje,2015,17,-,U/I
Konaje,2015,18,-,Security Case
Konaje,2015,19,2,U/I
Konaje,2015,20,-,U/I
Konaje,2015,21,-,Security Case
Konaje,2015,22,1,U/I
Konaje,2015,23,-,U/I
Konaje,2015,24,-,U/I
Konaje,2015,25,-,U/I
Konaje,2015,26,-,U/I
Konaje,2015,27,1,U/I
Konaje,2015,28,1,U/I
Konaje,2015,29,-,U/I
Konaje,2015,30,-,U/I
Konaje,2015,31,1,U/I
Konaje,2015,32,-,U/I
Konaje,2015,33,1,U/I
Konaje,2015,34,-,U/I
Konaje,2015,35,-,U/I
Konaje,2015,36,-,U/I
Konaje,2015,37,1,U/I
Konaje,2015,38,16,U/I
Konaje,2015,39,3,U/I
Konaje,2015,40,-,U/I
Konaje,2015,41,1,U/I
Konaje,2015,42,2,U/I
Konaje,2015,43,1,U/I
Konaje,2015,44,2,U/I
Konaje,2015,45,2,U/I
Konaje,2015,46,3,U/I
Konaje,2015,47,3,U/I
Konaje,2015,48,-,U/I
Konaje,2015,49,-,U/I
Konaje,2015,50,1,U/I
Konaje,2015,51,-,U/I
Konaje,2015,52,1,U/I
Konaje,2015,53,1,U/I
Konaje,2015,54,-,U/I
Konaje,2015,55,1,U/I
Konaje,2015,56,1,U/I
Konaje,2015,57,-,U/I
Konaje,2015,58,-,U/I
Konaje,2015,59,-,U/I
Konaje,2015,60,-,U/I
Konaje,2015,61,1,U/I
Konaje,2015,62,-,U/I
Konaje,2015,63,2,U/I
Konaje,2015,64,-,U/I
Konaje,2015,65,1,U/I
Konaje,2015,66,1,U/I
Konaje,2015,67,2,U/I
Konaje,2015,68,1,U/I
Konaje,2015,69,1,U/I
Konaje,2015,70,1,U/I
Konaje,2015,71,-,U/I
Urwa,2014,1,1,Bond Over
Urwa,2014,2,5,PT
Urwa,2014,3,-,UI
Urwa,2014,4,4,Bond Over
Urwa,2014,5,1,CON
Urwa,2014,6,20,PT
Urwa,2014,7,2,PT
Urwa,2014,8,-,UI
Urwa,2014,9,3,PT
Urwa,2014,10,-,UI
Urwa,2014,11,-,UI
Urwa,2014,12,-,UI
Urwa,2014,13,1,PT
Urwa,2014,14,1,PT
Urwa,2014,15,-,UI
Urwa,2014,16,-,UI
Urwa,2014,17,1,PT
Urwa,2014,18,5,Bond Over
Urwa,2014,19,1,Bond Over
Urwa,2014,20,1,Bond Over
Urwa,2014,21,-,UI
Urwa,2014,22,,PT
Urwa,2014,23,8,UI
Urwa,2014,24,-,C Final Report
Urwa,2014,25,,B Final Report
Urwa,2014,26,1,Bond Over
Urwa,2014,27,1,Bond Over
Urwa,2014,28,10,Bond Over
Urwa,2014,29,1,Bond Over
Urwa,2014,30,-,B Final Report
Urwa,2014,31,-,B Final Report
Urwa,2014,32,4,PT
Urwa,2014,33,4,PT
Urwa,2014,34,1,PT
Urwa,2014,35,1,PT
Urwa,2014,36,1,PT
Urwa,2014,37,-,Traced
Urwa,2014,38,4,PT
Urwa,2014,39,,Traced
Urwa,2014,40,6,PT
Urwa,2014,41,2,PT
Urwa,2014,42,-,UI
Urwa,2014,43,2,PT
Urwa,2014,44,-,B Final Report
Urwa,2014,45,-,UI
Urwa,2014,46,,traced
Urwa,2014,47,3,PT
Urwa,2014,48,,Traced
Urwa,2014,49,-,B Final Report
Urwa,2014,50,-,B Final Report
Urwa,2014,51,-,UI
Urwa,2014,52,,Traced
Urwa,2014,53,-,B Final Report
Urwa,2014,54,2,PT
Urwa,2014,55,-,UI
Urwa,2014,56,,Traced
Urwa,2014,57,,Traced
Urwa,2014,58,5,PT
Urwa,2014,59,-,B Final Report
Urwa,2014,60,-,B Final Report
Urwa,2014,61,1,Bond Over
Urwa,2014,62,,B Final Report
Urwa,2014,63,,Traced
Urwa,2014,64,0,Charge Abate
Urwa,2014,65,3,UI
Urwa,2014,66,,B Final Report
Urwa,2014,67,3,PT
Urwa,2014,68,1,Bond Over
Urwa,2014,69,1,Bond Over
Urwa,2014,70,1,Bond Over
Urwa,2014,71,1,Bond Over
Urwa,2014,72,1,Bond Over
Urwa,2014,73,1,Bond Over
Urwa,2014,74,1,Bond Over
Urwa,2014,75,1,Bond Over
Urwa,2014,76,1,Bond Over
Urwa,2014,77,1,Bond Over
Urwa,2014,78,1,Bond Over
Urwa,2014,79,1,Bond Over
Urwa,2014,80,-,UI
Urwa,2014,81,1,Bond Over
Urwa,2014,82,1,Bond Over
Urwa,2014,83,1,Bond Over
Urwa,2014,84,1,Bond Over
Urwa,2014,85,1,Bond Over
Urwa,2014,86,1,Bond Over
Urwa,2014,87,1,Bond Over
Urwa,2014,88,3,UI
Urwa,2014,89,1,PT
Urwa,2014,90,,Traced
Urwa,2014,91,-,UI
Urwa,2014,92,6,Traced
Urwa,2014,93,-,UI
Urwa,2014,94,4,PT
Urwa,2014,95,4,PT
Urwa,2014,96,2,PT
Urwa,2014,97,2,PT
Urwa,2014,98,-,UI
Urwa,2014,99,2,PT
Urwa,2014,100,-,UI
Urwa,2014,101,-,UI
Urwa,2014,102,2,UI
Urwa,2014,103,,UI
Urwa,2014,104,3,PT
Urwa,2014,105,,Traced
Urwa,2014,106,1,Chargesheeted (Awaiting CC)
Urwa,2014,107,-,Transferred To Barke P.S
Urwa,2014,108,2,Acq
Urwa,2014,109,1,PT
Urwa,2014,110,2,PT
Urwa,2014,111,4,Bond Over
Urwa,2014,112,1,Chargesheeted (Awaiting CC)
Urwa,2014,113,3,Bond Over
Urwa,2014,114,4,Chargesheeted (Awaiting CC)
Urwa,2014,115,3,Bond Over
Urwa,2014,116,2,Bond Over
Urwa,2014,117,6,Bond Over
Urwa,2014,118,2,Chargesheeted (Awaiting CC)
Urwa,2014,119,0,Traced
Urwa,2014,120,0,UI
Urwa,2014,121,31,Con
Urwa,2014,122,0,Bond Over
Urwa,2014,123,1,Bond Over
Urwa,2014,124,1,Bond Over
Urwa,2014,125,4,UI
Urwa,2014,126,2,Chargesheeted (Awaiting CC)
Urwa,2014,127,0,B Final Report
Urwa,2014,128,0,UI
Urwa,2014,129,0,UI
Urwa,2014,130,0,droped
Urwa,2015,1,1,PT
Urwa,2015,2,0,Traced
Urwa,2015,3,2,PT
Urwa,2015,4,0,UI
Urwa,2015,5,0,UI
Urwa,2015,6,0,UI
Urwa,2015,7,1,Chargesheeted (Awaiting CC)
Urwa,2015,8,2,UI
Urwa,2015,9,0,UI
Urwa,2015,10,0,UI
Urwa,2015,11,0,UI
Urwa,2015,12,3,UI
Urwa,2015,13,0,Traced
Urwa,2015,14,1,Chargesheeted (Awaiting CC)
Urwa,2015,15,3,UI
Urwa,2015,16,2,UI
Urwa,2015,17,-,UI
Urwa,2015,18,9,UI
Urwa,2015,19,1,UI
Urwa,2015,20,-,UI
Urwa,2015,21,1,UI
Urwa,2015,22,0,UI
Urwa,2015,23,0,UI
Urwa,2015,24,1,UI
Urwa,2015,25,6,UI
WOMEN,2014,1,1,CC NO 1100/14
WOMEN,2014,2,3,
WOMEN,2014,3,4,CC NO 2939/14
WOMEN,2014,4,1,CC NO 1278/14
WOMEN,2014,5,1,CC NO 1714/14
WOMEN,2014,6,1,SC NO 52/14
WOMEN,2014,7,8,CC NO 1768/14
WOMEN,2014,8,2,'B' REPORT
WOMEN,2014,9,2,CC NO 2637/14
WOMEN,2014,10,1,CC NO 2117/14
WOMEN,2014,11,3,CC NO 2967/14
WOMEN,2014,12,1,CC NO 4470/14
WOMEN,2014,13,-,TRANSFER
WOMEN,2014,14,2,'B' REPORT
WOMEN,2014,15,1,CC NO 1268/14
WOMEN,2014,16,1,ACQT
WOMEN,2014,17,1,CC NO 2935/14
WOMEN,2014,18,-,B' REPORT
WOMEN,2014,19,1,APP REMARKS
WOMEN,2014,20,1,CC NO
WOMEN,2014,21,-,TRANSFER
WOMEN,2014,22,1,CC NO 1172/15
WOMEN,2014,23,1,CC NO 3947/14
WOMEN,2014,24,1,CC NO 338/15
WOMEN,2014,25,4,CC NO 329/15
WOMEN,2014,26,1,CC NO 4455/14
WOMEN,2014,27,1,CC NO 405/15
WOMEN,2014,28,,TRANSFER HAVERI TADASA
WOMEN,2014,29,-,' C' REPORT
WOMEN,2014,30,2,PENDING CC
WOMEN,2014,31,1,PENDING CC
WOMEN,2014,32,1,CC NO 737/15
WOMEN,2014,33,3,CC NO 863/15
WOMEN,2014,34,1,CC NO 738/15
WOMEN,2014,35,1,B' REPORT
WOMEN,2014,36,1,ACP INVESTIGATION
WOMEN,2014,37,5,'B' REPORT
WOMEN,2014,38,2,CC NO 941/15
WOMEN,2014,39,-,TRANSFER RURAL P.S
WOMEN,2014,40,1,'B' REPORT
WOMEN,2014,41,1,CC NO 70/15
WOMEN,2014,42,4,'B' REPORT
WOMEN,2014,43,2,CC NO 328/15
WOMEN,2014,44,1,'B' REPORT
WOMEN,2014,45,1,PENDING CC
WOMEN,2014,46,2,PENDING CC
WOMEN,2014,47,4,'B' REPORT
WOMEN,2014,48,-,'B' REPORT
WOMEN,2014,49,4,APP REMARKS
WOMEN,2014,50,1,'B' REPORT
WOMEN,2014,51,2,CC NO 1307/15
WOMEN,2014,52,1,CC NO 1383/15
WOMEN,2015,1,6,PENDING CC
WOMEN,2015,2,1,'B' REPORT
WOMEN,2015,3,1,PENDING CC
WOMEN,2015,4,1,ACP INVESTIGATION
WOMEN,2015,5,3,PENDING CC
WOMEN,2015,6,1,'B' REPORT
WOMEN,2015,7,-,APP REMARKS
WOMEN,2015,8,1,PENDING CC
WOMEN,2015,9,1,PENDING CC
WOMEN,2015,10,1,UI
WOMEN,2015,11,1,UI
WOMEN,2015,12,1,UI
WOMEN,2015,13,1,UI
WOMEN,2015,14,-,UI
WOMEN,2015,15,-,UI
Mangalore North,2014,1,1,PT
Mangalore North,2014,2,1,PT
Mangalore North,2014,3,,PT
Mangalore North,2014,4,,C
Mangalore North,2014,5,,C
Mangalore North,2014,6,2,
Mangalore North,2014,7,2,PT
Mangalore North,2014,8,1,transfer
Mangalore North,2014,9,2,C
Mangalore North,2014,10,,c
Mangalore North,2014,11,1,PT
Mangalore North,2014,12,1,ACQ
Mangalore North,2014,13,,C
Mangalore North,2014,14,,B
Mangalore North,2014,15,,TRACED
Mangalore North,2014,16,1,PT
Mangalore North,2014,17,,TRA CCB
Mangalore North,2014,18,,C
Mangalore North,2014,19,1,PT
Mangalore North,2014,20,1,PT
Mangalore North,2014,21,1,C
Mangalore North,2014,22,,C
Mangalore North,2014,23,2,ACQ
Mangalore North,2014,24,2,PT
Mangalore North,2014,25,7,ACQ
Mangalore North,2014,26,1,ACQ
Mangalore North,2014,27,,TRACED
Mangalore North,2014,28,,C
Mangalore North,2014,29,,ACQ
Mangalore North,2014,30,2,PT
Mangalore North,2014,31,,B
Mangalore North,2014,32,,B
Mangalore North,2014,33,1,TRACED
Mangalore North,2014,34,,C
Mangalore North,2014,35,,C
Mangalore North,2014,36,,C
Mangalore North,2014,37,2,PT
Mangalore North,2014,38,1,PT
Mangalore North,2014,39,1,PT
Mangalore North,2014,40,,C
Mangalore North,2014,41,1,PT
Mangalore North,2014,42,5,ACQ
Mangalore North,2014,43,,PT
Mangalore North,2014,44,1,ACQ
Mangalore North,2014,45,1,C
Mangalore North,2014,46,,B
Mangalore North,2014,47,2,C
Mangalore North,2014,48,,PT
Mangalore North,2014,49,1,UI
Mangalore North,2014,50,,UI
Mangalore North,2014,51,,UI
Mangalore North,2014,52,,UI
Mangalore North,2014,53,,PT
Mangalore North,2014,54,7,PT
Mangalore North,2014,55,3,PT
Mangalore North,2014,56,6,CONVICTION
Mangalore North,2014,57,3,UI
Mangalore North,2014,58,1,PT
Mangalore North,2014,59,,ACQ
Mangalore North,2014,60,,C
Mangalore North,2014,61,,C
Mangalore North,2014,62,,B
Mangalore North,2014,63,,C
Mangalore North,2014,64,,C
Mangalore North,2014,65,,PT
Mangalore North,2014,66,,UI
Mangalore North,2014,67,,B
Mangalore North,2014,68,,UI
Mangalore North,2014,69,,PT
Mangalore North,2014,70,1,PT
Mangalore North,2014,71,,C
Mangalore North,2014,72,1,TRACED
Mangalore North,2014,73,,TRACED
Mangalore North,2014,74,,C
Mangalore North,2014,75,,TRACED
Mangalore North,2014,76,,B
Mangalore North,2014,77,2,ACQ
Mangalore North,2014,78,3,PT
Mangalore North,2014,79,,C
Mangalore North,2014,80,,B
Mangalore North,2014,81,,PT
Mangalore North,2014,82,6,PT
Mangalore North,2014,83,1,ACQ
Mangalore North,2014,84,,UI
Mangalore North,2014,85,2,C
Mangalore North,2014,86,,C
Mangalore North,2014,87,3,PT
Mangalore North,2014,88,,C
Mangalore North,2014,89,1,UI
Mangalore North,2014,90,5,ACQ
Mangalore North,2014,91,5,PT
Mangalore North,2014,92,4,PT
Mangalore North,2014,93,1,PT
Mangalore North,2014,94,,C
Mangalore North,2014,95,,C
Mangalore North,2014,96,1,B
Mangalore North,2014,97,,UI
Mangalore North,2014,98,,UI
Mangalore North,2014,99,,C
Mangalore North,2014,100,,UI
Mangalore North,2014,101,,B
Mangalore North,2014,102,1,PT
Mangalore North,2014,103,1,PT
Mangalore North,2014,104,,C
Mangalore North,2014,105,,UI
Mangalore North,2014,106,2,ACQ
Mangalore North,2014,107,1,UI
Mangalore North,2014,108,,C
Mangalore North,2014,109,1,PT
Mangalore North,2014,110,1,PT
Mangalore North,2014,111,,TRACED
Mangalore North,2014,112,,UI
Mangalore North,2014,113,,B
Mangalore North,2014,114,2,PT
Mangalore North,2014,115,,PT
Mangalore North,2014,116,,C
Mangalore North,2014,117,2,PT
Mangalore North,2014,118,,UI
Mangalore North,2014,119,,C
Mangalore North,2014,120,,UI
Mangalore North,2014,121,,UI
Mangalore North,2014,122,1,PT
Mangalore North,2014,123,,ACQ ACQ
Mangalore North,2014,124,,TRA WPS
Mangalore North,2014,125,,PT
Mangalore North,2014,126,,C
Mangalore North,2014,127,,PT
Mangalore North,2014,128,1,UI
Mangalore North,2014,129,4,UI
Mangalore North,2014,130,,UI
Mangalore North,2014,131,,ACQ
Mangalore North,2014,132,,UI
Mangalore North,2014,133,,UI
Mangalore North,2014,134,,ACQ
Mangalore North,2014,135,1,ACQ
Mangalore North,2014,136,18,PT
Mangalore North,2014,137,6,PT
Mangalore North,2014,138,,C
Mangalore North,2014,139,,UI
Mangalore North,2014,140,,UI
Mangalore North,2014,141,,PT
Mangalore North,2014,142,,UI
Mangalore North,2014,143,1,UI
Mangalore North,2014,144,,ACP INVESTIGATION
Mangalore North,2014,145,,PT
Mangalore North,2014,146,4,B
Mangalore North,2014,147,,TRACED
Mangalore North,2014,148,,UI
Mangalore North,2014,149,,UI
Mangalore North,2014,150,,UI
Mangalore North,2014,151,1,PT
Mangalore North,2014,152,2,PT
Mangalore North,2014,153,2,PT
Mangalore North,2014,154,1,PT
Mangalore North,2014,155,1,PT
Mangalore North,2014,156,1,UI
Mangalore North,2014,157,3,PT
Mangalore North,2014,158,,UI
Mangalore North,2014,159,1,PT
Mangalore North,2014,160,2,PT
Mangalore North,2014,161,,PT
Mangalore North,2014,162,2,PT
Mangalore North,2014,163,7,PT
Mangalore North,2014,164,2,PT
Mangalore North,2014,165,,UI
Mangalore North,2014,166,1,PT
Mangalore North,2014,167,,UI
Mangalore North,2014,168,,UI
Mangalore North,2014,169,1,PT
Mangalore North,2014,170,1,PT
Mangalore North,2014,171,,UI
Mangalore North,2014,172,2,PT
Mangalore North,2014,173,,UI
Mangalore North,2014,174,,UI
Mangalore North,2014,175,,UI
Mangalore North,2014,176,2,TRA WPS
Mangalore North,2014,177,,UI
Mangalore North,2014,178,7,PT
Mangalore North,2014,179,1,PT
Mangalore North,2014,180,1,PT
Mangalore North,2014,181,,UI
Mangalore North,2014,182,,UI
Mangalore North,2014,183,,UI
Mangalore North,2014,184,,UI
Mangalore North,2014,185,,UI
Mangalore North,2014,186,1,PT
Mangalore North,2014,187,,UI
Mangalore North,2014,188,,UI
Mangalore North,2014,189,,UI
Mangalore North,2014,190,,B
Mangalore North,2014,191,1,PT
Mangalore North,2014,192,1,PT
Mangalore North,2014,193,,UI
Mangalore North,2014,194,3,PT
Mangalore North,2014,195,3,PT
Mangalore North,2014,196,,TRACED
Mangalore North,2014,197,2,ACQ
Mangalore North,2014,198,,UI
Mangalore North,2014,199,,C
Mangalore North,2014,200,,UI
Mangalore North,2014,201,3,UI
Mangalore North,2014,202,2,PT
Mangalore North,2014,203,,UI
Mangalore North,2014,204,,UI
Mangalore North,2014,205,,UI
Mangalore North,2014,206,,UI
Mangalore North,2014,207,,UI
Mangalore North,2014,208,3,PT
Mangalore North,2014,209,,UI
Mangalore North,2014,210,5,UI
Mangalore North,2014,211,1,UI
Mangalore North,2014,212,2,PT
Mangalore North,2014,213,6,PT
Mangalore North,2014,214,1,PT
Mangalore North,2014,215,,UI
Mangalore North,2014,216,,B
Mangalore North,2014,217,1,PT
Mangalore North,2014,218,1,PT
Mangalore North,2014,219,1,UI
Mangalore North,2014,220,1,UI
Mangalore North,2014,221,2,PT
Mangalore North,2014,222,2,PT
Mangalore North,2014,223,1,UI
Mangalore North,2014,224,1,PT
Mangalore North,2014,225,,UI
Mangalore North,2014,226,,UI
Mangalore North,2014,227,,UI
Mangalore North,2014,228,,UI
Mangalore North,2014,229,,UI
Mangalore North,2014,230,,UI
Mangalore North,2014,231,,UI
Mangalore North,2014,232,,UI
Mangalore North,2014,233,,PT
Mangalore North,2014,234,,UI
Mangalore North,2014,235,2,UI
Mangalore North,2014,236,,UI
Mangalore North,2014,237,,UI
Mangalore North,2014,238,1,PT
Mangalore North,2014,239,2,PT
Mangalore North,2014,240,,PT
Mangalore North,2014,241,,UI
Mangalore North,2014,242,,UI
Mangalore North,2014,243,,UI
Mangalore North,2014,244,,UI
Mangalore North,2014,245,1,PT
Mangalore North,2014,246,,UI
Mangalore North,2014,247,,UI
Mangalore North,2014,248,,TRANS WPS
Mangalore North,2014,249,,UI
Mangalore North,2014,250,,UI
Mangalore North,2014,251,,UI
Mangalore North,2014,252,1,PT
Mangalore North,2014,253,,UI
Mangalore North,2014,254,,UI
Mangalore North,2014,255,,UI
Mangalore North,2014,256,1,PT
Mangalore North,2014,257,,UI
Mangalore North,2014,258,,UI
Mangalore North,2014,259,3,PT
Mangalore North,2014,260,,UI
Mangalore North,2014,261,,UI
Mangalore North,2014,262,1,UI
Mangalore North,2014,263,1,UI
Mangalore North,2014,264,,UI
Mangalore North,2014,265,,UI
Mangalore North,2014,266,,UI
Mangalore North,2014,267,2,UI
Mangalore North,2014,268,,UI
Mangalore North,2014,269,,UI
Mangalore North,2014,270,,UI
Mangalore North,2014,271,,UI
Mangalore North,2014,272,,UI
Mangalore North,2014,273,,UI
Mangalore North,2014,274,,UI
Mangalore North,2014,275,,UI
Mangalore North,2014,276,,UI
Mangalore North,2014,277,,UI
Mangalore North,2014,278,6,PT
Mangalore North,2014,279,,UI
Mangalore North,2014,280,,UI
Mangalore North,2014,281,,UI
Mangalore North,2014,282,,UI
Mangalore North,2014,283,,UI
Mangalore North,2014,284,,TRACE
Mangalore North,2014,285,,TRACE
Mangalore North,2014,286,,UI
Mangalore North,2014,287,,UI
Mangalore North,2014,288,,UI
Mangalore North,2014,289,,UI
Mangalore North,2014,290,,UI
Mangalore North,2014,291,,UI
Mangalore North,2014,292,,UI
Mangalore North,2014,293,,UI
Mangalore North,2014,294,3,UI
Mangalore North,2014,295,,UI
Mangalore North,2014,296,,UI
Mangalore North,2014,297,,UI
Mangalore North,2014,298,,UI
Mangalore North,2014,299,,UI
Mangalore North,2014,300,,UI
Mangalore North,2014,301,,UI
Mangalore North,2014,302,,UI
Mangalore North,2014,303,,UI
Mangalore North,2014,304,,UI
Mangalore North,2014,305,,UI
Mangalore North,2014,306,,UI
Mangalore North,2014,307,,TRA WPS
Mangalore North,2014,308,,UI
Mangalore North,2014,309,,UI
Mangalore North,2014,310,,UI
Mangalore North,2014,311,,UI
Mangalore North,2014,312,,UI
Mangalore North,2014,313,,UI
Mangalore North,2014,314,,UI
Mangalore North,2014,315,,UI
Mangalore North,2014,316,,UI
Mangalore North,2014,317,,UI
Mangalore North,2014,318,,UI
Mangalore North,2014,319,,UI
Mangalore North,2014,320,,UI
Mangalore North,2014,321,,UI
Mangalore North,2014,322,,UI
Mangalore North,2014,323,,UI
Mangalore North,2014,324,,UI
Mangalore North,2014,325,,UI
Mangalore North,2014,326,,UI
Mangalore North,2014,327,,UI
Mangalore North,2014,328,,UI
Mangalore North,2014,329,,UI
Mangalore North,2014,330,,UI
Mangalore North,2014,331,,UI
Mangalore North,2014,332,,UI
Mangalore North,2014,333,,UI
Mangalore North,2014,334,,UI
Mangalore North,2014,335,,UI
Mangalore North,2014,336,,UI
Mangalore North,2014,337,,UI
Mangalore North,2014,338,,UI
Mangalore North,2014,339,,UI
Mangalore North,2014,340,2,PT
Mangalore North,2014,341,,UI
Mangalore North,2014,342,,UI
Mangalore North,2014,343,,UI
Mangalore North,2014,344,,UI
Mangalore North,2014,345,,UI
Mangalore North,2014,346,,UI
Mangalore Rural,2014,1,2,PENDING TRAIL
Mangalore Rural,2014,2,1,PENDING TRAIL
Mangalore Rural,2014,3,1,COURT DISPOSAL
Mangalore Rural,2014,4,0,UNDER INVESTIGATION
Mangalore Rural,2014,5,0,UNDER INVESTIGATION
Mangalore Rural,2014,6,1,COURT DISPOSAL
Mangalore Rural,2014,7,0,UNDER INVESTIGATION
Mangalore Rural,2014,8,1,PENDING TRAIL
Mangalore Rural,2014,9,1,PENDING TRAIL
Mangalore Rural,2014,10,1,UNDER INVESTIGATION
Mangalore Rural,2014,11,0,PENDING TRAIL
Mangalore Rural,2014,12,4,UNDER INVESTIGATION
Mangalore Rural,2014,13,0,TRACED
Mangalore Rural,2014,14,0,UNDER INVESTIGATION
Mangalore Rural,2014,15,0,UNDER INVESTIGATION
Mangalore Rural,2014,16,1,UNDER INVESTIGATION
Mangalore Rural,2014,17,0,TRACED
Mangalore Rural,2014,18,1,COURT DISPOSAL
Mangalore Rural,2014,19,0,UNDER INVESTIGATION
Mangalore Rural,2014,20,1,COURT DISPOSAL
Mangalore Rural,2014,21,0,UNDER INVESTIGATION
Mangalore Rural,2014,22,0,PENDING TRAIL
Mangalore Rural,2014,23,1,COURT DISPOSAL
Mangalore Rural,2014,24,0,UNDER INVESTIGATION
Mangalore Rural,2014,25,0,UNDER INVESTIGATION
Mangalore Rural,2014,26,1,PENDING TRAIL
Mangalore Rural,2014,27,1,PENDING TRAIL
Mangalore Rural,2014,28,1,PENDING TRAIL
Mangalore Rural,2014,29,0,UNDER INVESTIGATION
Mangalore Rural,2014,30,1,COURT DISPOSAL
Mangalore Rural,2014,31,0,UNDER INVESTIGATION
Mangalore Rural,2014,32,1,PENDING TRAIL
Mangalore Rural,2014,33,0,UNDER INVESTIGATION
Mangalore Rural,2014,34,0,UNDER INVESTIGATION
Mangalore Rural,2014,35,1,COURT DISPOSAL
Mangalore Rural,2014,36,1,PENDING TRAIL
Mangalore Rural,2014,37,8,UNDER INVESTIGATION
Mangalore Rural,2014,38,0,UNDER INVESTIGATION
Mangalore Rural,2014,39,1,COURT DISPOSAL
Mangalore Rural,2014,40,0,TRACED
Mangalore Rural,2014,41,7,PENDING TRAIL
Mangalore Rural,2014,42,1,PENDING TRAIL
Mangalore Rural,2014,43,2,CHARGESHEETED
Mangalore Rural,2014,44,1,PENDING TRAIL
Mangalore Rural,2014,45,0,UNDER INVESTIGATION
Mangalore Rural,2014,46,0,UNDER INVESTIGATION
Mangalore Rural,2014,47,0,UNDER INVESTIGATION
Mangalore Rural,2014,48,0,UNDER INVESTIGATION
Mangalore Rural,2014,49,0,UNDER INVESTIGATION
Mangalore Rural,2014,50,1,COURT DISPOSAL
Mangalore Rural,2014,51,0,UNDER INVESTIGATION
Mangalore Rural,2014,52,1,COURT DISPOSAL
Mangalore Rural,2014,53,1,CHARGESHEETED
Mangalore Rural,2014,54,1,PENDING TRAIL
Mangalore Rural,2014,55,0,UNDER INVESTIGATION
Mangalore Rural,2014,56,0,PENDING TRAIL
Mangalore Rural,2014,57,1,PENDING TRAIL
Mangalore Rural,2014,58,1,COURT DISPOSAL
Mangalore Rural,2014,59,1,COURT DISPOSAL
Mangalore Rural,2014,60,1,PENDING TRAIL
Mangalore Rural,2014,61,1,COURT DISPOSAL
Mangalore Rural,2014,62,0,UNDER INVESTIGATION
Mangalore Rural,2014,63,1,PENDING TRAIL
Mangalore Rural,2014,64,1,PENDING TRAIL
Mangalore Rural,2014,65,1,COURT DISPOSAL
Mangalore Rural,2014,66,2,UNDER INVESTIGATION
Mangalore Rural,2014,67,3,UNDER INVESTIGATION
Mangalore Rural,2014,68,0,TRACED
Mangalore Rural,2014,69,5,UNDER INVESTIGATION
Mangalore Rural,2014,70,0,UNDER INVESTIGATION
Mangalore Rural,2014,71,0,UNDER INVESTIGATION
Mangalore Rural,2014,72,1,COURT DISPOSAL
Mangalore Rural,2014,73,1,UNDER INVESTIGATION
Mangalore Rural,2014,74,1,PENDING TRAIL
Mangalore Rural,2014,75,0,CHARGESHEETED
Mangalore Rural,2014,76,0,PENDING TRAIL
Mangalore Rural,2014,77,4,PENDING TRAIL
Mangalore Rural,2014,78,1,COURT DISPOSAL
Mangalore Rural,2014,79,1,PENDING TRAIL
Mangalore Rural,2014,80,0,UNDER INVESTIGATION
Mangalore Rural,2014,81,0,TRACED
Mangalore Rural,2014,82,1,UNDER INVESTIGATION
Mangalore Rural,2014,83,0,TRACED
Mangalore Rural,2014,84,0,UNDER INVESTIGATION
Mangalore Rural,2014,85,0,UNDER INVESTIGATION
Mangalore Rural,2014,86,0,UNDER INVESTIGATION
Mangalore Rural,2014,87,0,UNDER INVESTIGATION
Mangalore Rural,2014,88,1,PENDING TRAIL
Mangalore Rural,2014,89,0,UNDER INVESTIGATION
Mangalore Rural,2014,90,4,CHARGESHEETED
Mangalore Rural,2014,91,1,COURT DISPOSAL
Mangalore Rural,2014,92,1,PENDING TRAIL
Mangalore Rural,2014,93,0,PENDING TRAIL
Mangalore Rural,2014,94,0,PENDING TRAIL
Mangalore Rural,2014,95,0,PENDING TRAIL
Mangalore Rural,2014,96,0,PENDING TRAIL
Mangalore Rural,2014,97,0,PENDING TRAIL
Mangalore Rural,2014,98,0,PENDING TRAIL
Mangalore Rural,2014,99,0,PENDING TRAIL
Mangalore Rural,2014,100,0,PENDING TRAIL
Mangalore Rural,2014,101,2,UNDER INVESTIGATION
Mangalore Rural,2014,102,0,PENDING TRAIL
Mangalore Rural,2014,103,2,UNDER INVESTIGATION
Mangalore Rural,2014,104,0,PENDING TRAIL
Mangalore Rural,2014,105,0,PENDING TRAIL
Mangalore Rural,2014,106,0,PENDING TRAIL
Mangalore Rural,2014,107,0,PENDING TRAIL
Mangalore Rural,2014,108,0,PENDING TRAIL
Mangalore Rural,2014,109,2,COURT DISPOSAL
Mangalore Rural,2014,110,0,PENDING TRAIL
Mangalore Rural,2014,111,0,PENDING TRAIL
Mangalore Rural,2014,112,0,PENDING TRAIL
Mangalore Rural,2014,113,1,PENDING TRAIL
Mangalore Rural,2014,114,0,PENDING TRAIL
Mangalore Rural,2014,115,0,PENDING TRAIL
Mangalore Rural,2014,116,0,PENDING TRAIL
Mangalore Rural,2014,117,0,PENDING TRAIL
Mangalore Rural,2014,118,0,PENDING TRAIL
Mangalore Rural,2014,119,0,PENDING TRAIL
Mangalore Rural,2014,120,1,PENDING TRAIL
Mangalore Rural,2014,121,0,UNDER INVESTIGATION
Mangalore Rural,2014,122,0,PENDING TRAIL
Mangalore Rural,2014,123,0,UNDER INVESTIGATION
Mangalore Rural,2014,124,0,PENDING TRAIL
Mangalore Rural,2014,125,0,PENDING TRAIL
Mangalore Rural,2014,126,0,PENDING TRAIL
Mangalore Rural,2014,127,0,UNDER INVESTIGATION
Mangalore Rural,2014,128,4,UNDER INVESTIGATION
Mangalore Rural,2014,129,1,COURT DISPOSAL
Mangalore Rural,2014,130,0,PENDING TRAIL
Mangalore Rural,2014,131,0,COURT DISPOSAL
Mangalore Rural,2014,132,0,COURT DISPOSAL
Mangalore Rural,2014,133,0,COURT DISPOSAL
Mangalore Rural,2014,134,0,PENDING TRAIL
Mangalore Rural,2014,135,0,TRACED
Mangalore Rural,2014,136,0,UNDER INVESTIGATION
Mangalore Rural,2014,137,0,UNDER INVESTIGATION
Mangalore Rural,2014,138,1,PENDING TRAIL
Mangalore Rural,2014,139,0,UNDER INVESTIGATION
Mangalore Rural,2014,140,0,TRACED
Mangalore Rural,2014,141,0,UNDER INVESTIGATION
Mangalore Rural,2014,142,0,UNDER INVESTIGATION
Mangalore Rural,2014,143,1,PENDING TRAIL
Mangalore Rural,2014,144,1,PENDING TRAIL
Mangalore Rural,2014,145,1,UNDER INVESTIGATION
Mangalore Rural,2014,146,0,COURT DISPOSAL
Mangalore Rural,2014,147,1,PENDING TRAIL
Mangalore Rural,2014,148,0,COURT DISPOSAL
Mangalore Rural,2014,149,0,COURT DISPOSAL
Mangalore Rural,2014,150,1,PENDING TRAIL
Mangalore Rural,2014,151,4,UNDER INVESTIGATION
Mangalore Rural,2014,152,0,UNDER INVESTIGATION
Mangalore Rural,2014,153,1,UNDER INVESTIGATION
Mangalore Rural,2014,154,0,TRACED
Mangalore Rural,2014,155,1,PENDING TRAIL
Mangalore Rural,2014,156,4,UNDER INVESTIGATION
Mangalore Rural,2014,157,1,COURT DISPOSAL
Mangalore Rural,2014,158,0,UNDER INVESTIGATION
Mangalore Rural,2014,159,0,UNDER INVESTIGATION
Mangalore Rural,2014,160,1,COURT DISPOSAL
Mangalore Rural,2014,161,1,COURT DISPOSAL
Mangalore Rural,2014,162,2,UNDER INVESTIGATION
Mangalore Rural,2014,163,2,PENDING TRAIL
Mangalore Rural,2014,164,0,COURT DISPOSAL
Mangalore Rural,2014,165,1,UNDER INVESTIGATION
Mangalore Rural,2014,166,1,PENDING TRAIL
Mangalore Rural,2014,167,1,COURT DISPOSAL
Mangalore Rural,2014,168,0,TRACED
Mangalore Rural,2014,169,0,COURT DISPOSAL
Mangalore Rural,2014,170,1,PENDING TRAIL
Mangalore Rural,2014,171,1,UNDER INVESTIGATION
Mangalore Rural,2014,172,2,UNDER INVESTIGATION
Mangalore Rural,2014,173,2,UNDER INVESTIGATION
Mangalore Rural,2014,174,2,UNDER INVESTIGATION
Mangalore Rural,2014,175,0,PENDING TRAIL
Mangalore Rural,2014,176,10,UNDER INVESTIGATION
Mangalore Rural,2014,177,0,UNDER INVESTIGATION
Mangalore Rural,2014,178,0,UNDER INVESTIGATION
Mangalore Rural,2014,179,1,UNDER INVESTIGATION
Mangalore Rural,2014,180,1,COURT DISPOSAL
Mangalore Rural,2014,181,1,COURT DISPOSAL
Mangalore Rural,2014,182,1,COURT DISPOSAL
Mangalore Rural,2014,183,10,PENDING TRAIL
Mangalore Rural,2014,184,0,PENDING TRAIL
Mangalore Rural,2014,185,1,PENDING TRAIL
Mangalore Rural,2014,186,1,PENDING TRAIL
Mangalore Rural,2014,187,1,PENDING TRAIL
Mangalore Rural,2014,188,6,UNDER INVESTIGATION
Mangalore Rural,2014,189,0,TRACED
Mangalore Rural,2014,190,1,PENDING TRAIL
Mangalore Rural,2014,191,1,UNDER INVESTIGATION
Mangalore Rural,2014,192,1,PENDING TRAIL
Mangalore Rural,2014,193,0,UNDER INVESTIGATION
Mangalore Rural,2014,194,0,PENDING TRAIL
Mangalore Rural,2014,195,1,PENDING TRAIL
Mangalore Rural,2014,196,1,COURT DISPOSAL
Mangalore Rural,2014,197,0,COURT DISPOSAL
Mangalore Rural,2014,198,1,COURT DISPOSAL
Mangalore Rural,2014,199,1,COURT DISPOSAL
Mangalore Rural,2014,200,0,TRACED
Mangalore Rural,2014,201,2,UNDER INVESTIGATION
Mangalore Rural,2014,202,0,UNDER INVESTIGATION
Mangalore Rural,2014,203,1,COURT DISPOSAL
Mangalore Rural,2014,204,0,UNDER INVESTIGATION
Mangalore Rural,2014,205,1,PENDING TRAIL
Mangalore Rural,2014,206,0,UNDER INVESTIGATION
Mangalore Rural,2014,207,1,COURT DISPOSAL
Mangalore Rural,2014,208,0,TRACED
Mangalore Rural,2014,209,0,UNDER INVESTIGATION
Mangalore Rural,2014,210,0,TRACED
Mangalore Rural,2014,211,1,UNDER INVESTIGATION
Mangalore Rural,2014,212,0,TRACED
Mangalore Rural,2014,213,0,TRANSFER TO TRAFFIC EAST
Mangalore Rural,2014,214,0,TRANSFER TO TRAFFIC EAST
Mangalore Rural,2014,215,0,UNDER INVESTIGATION
Mangalore Rural,2014,216,0,UNDER INVESTIGATION
Mangalore Rural,2014,217,0,COURT DISPOSAL
Mangalore Rural,2014,218,0,PENDING TRAIL
Mangalore Rural,2014,219,5,PENDING TRAIL
Mangalore Rural,2014,220,0,UNDER INVESTIGATION
Mangalore Rural,2014,221,0,UNDER INVESTIGATION
Mangalore Rural,2014,222,2,UNDER INVESTIGATION
Mangalore Rural,2014,223,0,UNDER INVESTIGATION
Mangalore Rural,2014,224,0,TRACED
Mangalore Rural,2014,225,1,BOND OVER
Mangalore Rural,2014,226,0,PENDING TRAIL
Mangalore Rural,2014,227,0,TRACED
Mangalore Rural,2014,228,1,PENDING TRAIL
Mangalore Rural,2014,229,1,UNDER INVESTIGATION
Mangalore Rural,2014,230,0,UNDER INVESTIGATION
Mangalore Rural,2014,231,0,PENDING TRAIL
Mangalore Rural,2014,232,0,UNDER INVESTIGATION
Mangalore Rural,2014,233,0,PENDING TRAIL
Mangalore Rural,2014,234,2,UNDER INVESTIGATION
Mangalore Rural,2014,235,0,COURT DISPOSAL
Mangalore Rural,2014,236,0,PENDING TRAIL
Mangalore Rural,2014,237,1,UNDER INVESTIGATION
Mangalore Rural,2014,238,3,UNDER INVESTIGATION
Mangalore Rural,2014,239,0,TRANSFER TO TRAFFIC EAST
Mangalore Rural,2014,240,0,PENDING TRAIL
Mangalore Rural,2014,241,1,PENDING TRAIL
Mangalore Rural,2014,242,1,PENDING TRAIL
Mangalore Rural,2014,243,1,TRANSFER TO TRAFFIC EAST
Mangalore Rural,2014,244,1,PENDING TRAIL
Mangalore Rural,2014,245,0,UNDER INVESTIGATION
Mangalore Rural,2014,246,1,UNDER INVESTIGATION
Mangalore Rural,2014,247,5,PENDING TRAIL
Mangalore Rural,2014,248,1,PENDING TRAIL
Mangalore Rural,2014,249,0,TRACED
Mangalore Rural,2014,250,0,PENDING TRAIL
Mangalore Rural,2014,251,1,PENDING TRAIL
Mangalore Rural,2014,252,0,TRANSFER TO TRAFFIC EAST
Mangalore Rural,2014,253,1,PENDING TRAIL
Mangalore Rural,2014,254,1,UNDER INVESTIGATION
Mangalore Rural,2014,255,1,PENDING TRAIL
Mangalore Rural,2014,256,0,CHARGESHEETED
Mangalore Rural,2014,257,0,TRANSFER TO TRAFFIC EAST
Mangalore Rural,2014,258,1,PENDING TRAIL
Mangalore Rural,2014,259,0,UNDER INVESTIGATION
Mangalore Rural,2014,260,0,UNDER INVESTIGATION
Mangalore Rural,2014,261,1,PENDING TRAIL
Mangalore Rural,2014,262,1,PENDING TRAIL
Mangalore Rural,2014,263,3,PENDING TRAIL
Mangalore Rural,2014,264,1,UNDER INVESTIGATION
Mangalore Rural,2014,265,1,PENDING TRAIL
Mangalore Rural,2014,266,1,UNDER INVESTIGATION
Mangalore Rural,2014,267,0,UNDER INVESTIGATION
Mangalore Rural,2014,268,0,TRACED
Mangalore Rural,2014,269,2,UNDER INVESTIGATION
Mangalore Rural,2014,270,6,UNDER INVESTIGATION
Mangalore Rural,2014,271,2,PENDING TRAIL
Mangalore Rural,2014,272,0,UNDER INVESTIGATION
Mangalore Rural,2014,273,0,PENDING TRAIL
Mangalore Rural,2014,274,1,UNDER INVESTIGATION
Mangalore Rural,2014,275,2,UNDER INVESTIGATION
Mangalore Rural,2014,276,1,UNDER INVESTIGATION
Mangalore Rural,2014,277,2,UNDER INVESTIGATION
Mangalore Rural,2014,278,14,UNDER INVESTIGATION
Mangalore Rural,2014,279,0,TRACED
Mangalore Rural,2014,280,0,UNDER INVESTIGATION
Mangalore Rural,2014,281,6,PENDING TRAIL
Mangalore Rural,2014,282,1,PENDING TRAIL
Mangalore Rural,2014,283,0,TRACED
Mangalore Rural,2014,284,2,PENDING TRAIL
Mangalore Rural,2014,285,0,UNDER INVESTIGATION
Mangalore Rural,2014,286,0,UNDER INVESTIGATION
Mangalore Rural,2014,287,0,UNDER INVESTIGATION
Mangalore Rural,2014,288,0,PENDING TRAIL
Mangalore Rural,2014,289,0,CHARGESHEETED
Mangalore Rural,2014,290,1,PENDING TRAIL
Mangalore Rural,2014,291,1,PENDING TRAIL
Mangalore Rural,2014,292,1,PENDING TRAIL
Mangalore Rural,2014,293,0,UNDER INVESTIGATION
Mangalore Rural,2014,294,0,UNDER INVESTIGATION
Mangalore Rural,2014,295,0,TRACED
Mangalore Rural,2014,296,1,UNDER INVESTIGATION
Mangalore Rural,2014,297,0,PENDING TRAIL
Mangalore Rural,2014,298,0,PENDING TRAIL
Mangalore Rural,2014,299,5,UNDER INVESTIGATION
Mangalore Rural,2014,300,1,UNDER INVESTIGATION
Mangalore Rural,2014,301,1,UNDER INVESTIGATION
Mangalore Rural,2014,302,0,PENDING TRAIL
Mangalore Rural,2014,303,0,PENDING TRAIL
Mangalore Rural,2014,304,1,PENDING TRAIL
Mangalore Rural,2014,305,0,TRANSFER TO TRAFFIC EAST
Mangalore Rural,2014,306,5,UNDER INVESTIGATION
Mangalore Rural,2014,307,1,PENDING TRAIL
Mangalore Rural,2014,308,1,CHARGESHEETED
Mangalore Rural,2014,309,1,PENDING TRAIL
Mangalore Rural,2014,310,1,TRANSFER TO TRAFFIC EAST
Mangalore Rural,2014,311,2,PENDING TRAIL
Mangalore Rural,2014,312,0,PENDING TRAIL
Mangalore Rural,2014,313,0,PENDING TRAIL
Mangalore Rural,2014,314,0,UNDER INVESTIGATION
Mangalore Rural,2014,315,1,PENDING TRAIL
Mangalore Rural,2014,316,1,COURT DISPOSAL
Mangalore Rural,2014,317,0,PENDING TRAIL
Mangalore Rural,2014,318,0,UNDER INVESTIGATION
Mangalore Rural,2014,319,0,TRACED
Mangalore Rural,2014,320,1,COURT DISPOSAL
Mangalore Rural,2014,321,3,PENDING TRAIL
Mangalore Rural,2014,322,1,PENDING TRAIL
Mangalore Rural,2014,323,0,PENDING TRAIL
Mangalore Rural,2014,324,0,TRACED
Mangalore Rural,2014,325,1,PENDING TRAIL
Mangalore Rural,2014,326,0,TRANSFER TO TRAFFIC EAST
Mangalore Rural,2014,327,9,UNDER INVESTIGATION
Mangalore Rural,2014,328,0,UNDER INVESTIGATION
Mangalore Rural,2014,329,1,PENDING TRAIL
Mangalore Rural,2014,330,1,PENDING TRAIL
Mangalore Rural,2014,331,0,UNDER INVESTIGATION
Mangalore Rural,2014,332,1,PENDING TRAIL
Mangalore Rural,2014,333,0,UNDER INVESTIGATION
Mangalore Rural,2014,334,1,UNDER INVESTIGATION
Mangalore Rural,2014,335,0,UNDER INVESTIGATION
Mangalore Rural,2014,336,0,TRACED
Mangalore Rural,2014,337,1,TRANSFER TO TRAFFIC EAST
Mangalore Rural,2014,338,1,PENDING TRAIL
Mangalore Rural,2014,339,4,PENDING TRAIL
Mangalore Rural,2014,340,0,TRACED
Mangalore Rural,2014,341,1,PENDING TRAIL
Mangalore Rural,2014,342,1,CHARGESHEETED
Mangalore Rural,2014,343,0,TRANSFER TO TRAFFIC EAST
Mangalore Rural,2014,344,3,UNDER INVESTIGATION
Mangalore Rural,2014,345,1,PENDING TRAIL
Mangalore Rural,2014,346,5,UNDER INVESTIGATION
Mangalore Rural,2014,347,0,TRANSFER TO TRAFFIC EAST
Mangalore Rural,2014,348,1,PENDING TRAIL
Mangalore Rural,2014,349,2,PENDING TRAIL
Mangalore Rural,2014,350,1,COURT DISPOSAL
Mangalore Rural,2014,351,1,TRANSFER TO TRAFFIC EAST
Mangalore Rural,2014,352,0,TRACED
Mangalore Rural,2014,353,2,UNDER INVESTIGATION
Mangalore Rural,2014,354,0,PENDING TRAIL
Mangalore Rural,2014,355,1,TRANSFER TO TRAFFIC EAST
Mangalore Rural,2014,356,0,CHARGESHEETED
Mangalore Rural,2014,357,0,UNDER INVESTIGATION
Mangalore Rural,2014,358,0,TRANSFER TO TRAFFIC EAST
Mangalore Rural,2014,359,0,TRANSFER TO TRAFFIC EAST
Mangalore Rural,2014,360,0,PENDING TRAIL
Mangalore Rural,2014,361,1,PENDING TRAIL
Mangalore Rural,2014,362,0,UNDER INVESTIGATION
Mangalore Rural,2014,363,1,TRACED
Mangalore Rural,2014,364,1,TRANSFER TO TRAFFIC EAST
Mangalore Rural,2014,365,0,TRANSFER TO TRAFFIC EAST
Mangalore Rural,2014,366,0,PENDING TRAIL
Mangalore Rural,2014,367,0,UNDER INVESTIGATION
Mangalore Rural,2014,368,1,PENDING TRAIL
Mangalore Rural,2014,369,1,UNDER INVESTIGATION
Mangalore Rural,2014,370,2,CHARGESHEETED
Mangalore Rural,2014,371,12,UNDER INVESTIGATION
Mangalore Rural,2014,372,6,PENDING TRAIL
Mangalore Rural,2014,373,1,PENDING TRAIL
Mangalore Rural,2014,374,1,CHARGESHEETED
Mangalore Rural,2014,375,0,UNDER INVESTIGATION
Mangalore Rural,2014,376,0,UNDER INVESTIGATION
Mangalore Rural,2014,377,0,PENDING TRAIL
Mangalore Rural,2014,378,6,PENDING TRAIL
Mangalore Rural,2014,379,0,TRANSFER TO TRAFFIC EAST
Mangalore Rural,2014,380,0,UNDER INVESTIGATION
Mangalore Rural,2014,381,0,UNDER INVESTIGATION
Mangalore Rural,2014,382,0,TRANSFER TO TRAFFIC EAST
Mangalore Rural,2014,383,0,TRACED
Mangalore Rural,2014,384,0,UNDER INVESTIGATION
Mangalore Rural,2014,385,1,TRANSFER TO TRAFFIC EAST
Mangalore Rural,2014,386,0,UNDER INVESTIGATION
Mangalore Rural,2014,387,1,CHARGESHEETED
Mangalore Rural,2014,388,1,TRANSFER TO TRAFFIC EAST
Mangalore Rural,2014,389,0,TRANSFER TO TRAFFIC EAST
Mangalore Rural,2014,390,1,UNDER INVESTIGATION
Mangalore Rural,2014,391,0,UNDER INVESTIGATION
Mangalore Rural,2014,392,0,UNDER INVESTIGATION
Mangalore Rural,2014,393,0,TRANSFER TO TRAFFIC EAST
Mangalore Rural,2014,394,1,TRANSFER TO TRAFFIC EAST
Mangalore Rural,2014,395,1,TRANSFER TO TRAFFIC EAST
Mangalore Rural,2014,396,0,UNDER INVESTIGATION
Mangalore Rural,2014,397,0,UNDER INVESTIGATION
Mangalore Rural,2014,398,0,UNDER INVESTIGATION
Mangalore Rural,2014,399,0,TRANSFER TO TRAFFIC EAST
Mangalore Rural,2014,400,0,UNDER INVESTIGATION
Mangalore Rural,2014,401,0,TRANSFER TO TRAFFIC EAST
Mangalore Rural,2014,402,0,UNDER INVESTIGATION
Mangalore Rural,2014,403,0,UNDER INVESTIGATION
Mangalore Rural,2014,404,0,UNDER INVESTIGATION
Mangalore Rural,2014,405,0,TRACED
Mangalore Rural,2014,406,1,UNDER INVESTIGATION
Mangalore Rural,2014,407,0,PENDING TRAIL
Mangalore Rural,2014,408,1,PENDING TRAIL
Mangalore Rural,2014,409,1,TRANSFER TO TRAFFIC EAST
Mangalore Rural,2014,410,0,TRANSFER TO TRAFFIC EAST
Mangalore Rural,2014,411,0,TRACED
Mangalore Rural,2014,412,1,TRANSFER TO TRAFFIC EAST
Mangalore Rural,2014,413,1,TRANSFER TO TRAFFIC EAST
Mangalore Rural,2014,414,0,UNDER INVESTIGATION
Mangalore Rural,2014,415,0,TRACED
Mangalore Rural,2014,416,0,UNDER INVESTIGATION
Mangalore Rural,2014,417,1,TRANSFER TO TRAFFIC EAST
Mangalore Rural,2014,418,0,PENDING TRAIL
Mangalore Rural,2014,419,0,TRANSFER TO TRAFFIC EAST
Mangalore Rural,2014,420,0,PENDING TRAIL
Mangalore Rural,2014,421,1,TRANSFER TO TRAFFIC EAST
Mangalore Rural,2014,422,1,UNDER INVESTIGATION
Mangalore Rural,2014,423,0,UNDER INVESTIGATION
Mangalore Rural,2014,424,0,UNDER INVESTIGATION
Mangalore Rural,2014,425,0,UNDER INVESTIGATION
Mangalore Rural,2014,426,0,UNDER INVESTIGATION
Mangalore Rural,2014,427,1,TRANSFER TO TRAFFIC EAST
Mangalore Rural,2014,428,0,UNDER INVESTIGATION
Mangalore Rural,2014,429,5,UNDER INVESTIGATION
Mangalore Rural,2014,430,2,UNDER INVESTIGATION
Mangalore Rural,2014,431,0,TRACED
Mangalore Rural,2014,432,1,PENDING TRAIL
Mangalore Rural,2014,433,1,TRANSFER TO TRAFFIC EAST
Mangalore Rural,2014,434,0,UNDER INVESTIGATION
Mangalore Rural,2014,435,4,UNDER INVESTIGATION
Mangalore Rural,2014,436,1,UNDER INVESTIGATION
Mangalore Rural,2014,437,0,UNDER INVESTIGATION
Mangalore Rural,2014,438,0,UNDER INVESTIGATION
Mangalore Rural,2014,439,1,TRANSFER TO TRAFFIC EAST
Mangalore Rural,2014,440,1,TRANSFER TO TRAFFIC EAST
Mangalore Rural,2014,441,0,TRANSFER TO TRAFFIC EAST
Mangalore Rural,2014,442,0,TRANSFER TO TRAFFIC EAST
Mangalore Rural,2014,443,1,PENDING TRAIL
Mangalore Rural,2014,444,1,TRANSFER TO TRAFFIC EAST
Mangalore Rural,2014,445,0,PENDING TRAIL
Mangalore Rural,2014,446,2,PENDING TRAIL
Mangalore Rural,2014,447,1,TRANSFER TO TRAFFIC EAST
Mangalore Rural,2014,448,0,TRACED
Mangalore Rural,2014,449,2,UNDER INVESTIGATION
Mangalore Rural,2014,450,1,TRANSFER TO TRAFFIC EAST
Mangalore Rural,2014,451,0,TRANSFER TO TRAFFIC EAST
Mangalore Rural,2014,452,1,TRANSFER TO TRAFFIC EAST
Mangalore Rural,2014,453,1,TRANSFER TO TRAFFIC EAST
Mangalore Rural,2014,454,0,UNDER INVESTIGATION
Mangalore Rural,2014,455,1,TRANSFER TO TRAFFIC EAST
Mangalore Rural,2014,456,0,TRANSFER TO TRAFFIC EAST
Mangalore Rural,2014,457,1,PENDING TRAIL
Mangalore Rural,2014,458,1,PENDING TRAIL
Mangalore Rural,2014,459,1,PENDING TRAIL
Mangalore Rural,2014,460,1,UNDER INVESTIGATION
Mangalore Rural,2014,461,1,UNDER INVESTIGATION
Mangalore Rural,2014,462,0,UNDER INVESTIGATION
Mangalore Rural,2014,463,0,UNDER INVESTIGATION
Mangalore Rural,2015,1,1,PENDIONG TRAIL
Mangalore Rural,2015,2,0,TRACED
Mangalore Rural,2015,3,0,UNDER INVESTIGATION
Mangalore Rural,2015,4,5,UNDER INVESTIGATION
Mangalore Rural,2015,5,1,UNDER INVESTIGATION
Mangalore Rural,2015,6,14,UNDER INVESTIGATION
Mangalore Rural,2015,7,0,UNDER INVESTIGATION
Mangalore Rural,2015,8,0,UNDER INVESTIGATION
Mangalore Rural,2015,9,0,UNDER INVESTIGATION
Mangalore Rural,2015,10,0,UNDER INVESTIGATION
Mangalore Rural,2015,11,0,UNDER INVESTIGATION
Mangalore Rural,2015,12,13,UNDER INVESTIGATION
Mangalore Rural,2015,13,0,UNDER INVESTIGATION
Mangalore Rural,2015,14,0,UNDER INVESTIGATION
Mangalore Rural,2015,15,0,UNDER INVESTIGATION
Mangalore Rural,2015,16,1,UNDER INVESTIGATION
Mangalore Rural,2015,17,0,UNDER INVESTIGATION
Mangalore Rural,2015,18,0,UNDER INVESTIGATION
Mangalore Rural,2015,19,0,UNDER INVESTIGATION
Mangalore Rural,2015,20,0,UNDER INVESTIGATION
Mangalore Rural,2015,21,1,UNDER INVESTIGATION
Mangalore Rural,2015,22,0,TRACED
Mangalore Rural,2015,23,0,UNDER INVESTIGATION
Mangalore Rural,2015,24,3,UNDER INVESTIGATION
Mangalore Rural,2015,25,0,UNDER INVESTIGATION
Mangalore Rural,2015,26,0,UNDER INVESTIGATION
Mangalore Rural,2015,27,0,UNDER INVESTIGATION
Mangalore Rural,2015,28,0,UNDER INVESTIGATION
Mangalore Rural,2015,29,1,UNDER INVESTIGATION
Mangalore Rural,2015,30,1,UNDER INVESTIGATION
Mangalore Rural,2015,31,1,UNDER INVESTIGATION
Mangalore Rural,2015,32,0,UNDER INVESTIGATION
Mangalore Rural,2015,33,1,UNDER INVESTIGATION
Mangalore Rural,2015,34,1,UNDER INVESTIGATION
Mangalore Rural,2015,35,0,UNDER INVESTIGATION
Mangalore Rural,2015,36,1,UNDER INVESTIGATION
Mangalore Rural,2015,37,1,UNDER INVESTIGATION
Mangalore Rural,2015,38,1,UNDER INVESTIGATION
Mangalore Rural,2015,39,2,UNDER INVESTIGATION
Mangalore Rural,2015,40,2,UNDER INVESTIGATION
Mangalore Rural,2015,41,0,UNDER INVESTIGATION
Mangalore Rural,2015,42,1,UNDER INVESTIGATION
Mangalore Rural,2015,43,3,UNDER INVESTIGATION
Mangalore Rural,2015,44,1,UNDER INVESTIGATION
Mangalore Rural,2015,45,2,UNDER INVESTIGATION
Mangalore Rural,2015,46,0,UNDER INVESTIGATION
Mangalore Rural,2015,47,0,TRANSFERD TO BAJPA PS
Mangalore Rural,2015,48,0,UNDER INVESTIGATION
Mangalore Rural,2015,49,2,UNDER INVESTIGATION
Mangalore Rural,2015,50,1,UNDER INVESTIGATION
Mangalore Rural,2015,51,1,UNDER INVESTIGATION
Mangalore Rural,2015,52,1,UNDER INVESTIGATION
Mangalore Rural,2015,53,0,UNDER INVESTIGATION
Mangalore Rural,2015,54,1,UNDER INVESTIGATION
Mangalore Rural,2015,55,2,UNDER INVESTIGATION
Mangalore Rural,2015,56,1,UNDER INVESTIGATION
Mangalore Rural,2015,57,1,UNDER INVESTIGATION
Mangalore Rural,2015,58,0,UNDER INVESTIGATION
Mangalore Rural,2015,59,1,UNDER INVESTIGATION
Mangalore Rural,2015,60,2,UNDER INVESTIGATION
Mangalore Rural,2015,61,1,UNDER INVESTIGATION
Mangalore Rural,2015,62,3,UNDER INVESTIGATION
Mangalore Rural,2015,63,0,TRACED
Mangalore Rural,2015,64,0,UNDER INVESTIGATION
Mangalore Rural,2015,65,1,UNDER INVESTIGATION
Mangalore Rural,2015,66,0,UNDER INVESTIGATION
Mangalore Rural,2015,67,6,UNDER INVESTIGATION
Mangalore Rural,2015,68,0,UNDER INVESTIGATION
Mangalore Rural,2015,69,0,UNDER INVESTIGATION
Mangalore Rural,2015,70,1,UNDER INVESTIGATION
Mangalore Rural,2015,71,0,UNDER INVESTIGATION
Mangalore Rural,2015,72,0,UNDER INVESTIGATION
Mangalore Rural,2015,73,1,UNDER INVESTIGATION
Mangalore Rural,2015,74,0,UNDER INVESTIGATION
Mangalore Rural,2015,75,0,UNDER INVESTIGATION
Mangalore Rural,2015,76,2,UNDER INVESTIGATION
Mangalore Rural,2015,77,0,UNDER INVESTIGATION
Mangalore Rural,2015,78,1,UNDER INVESTIGATION
Mangalore Rural,2015,79,0,TRACED
Mangalore Rural,2015,80,1,UNDER INVESTIGATION
Mangalore Rural,2015,81,0,UNDER INVESTIGATION
Mangalore Rural,2015,82,0,UNDER INVESTIGATION
Mangalore Rural,2015,83,2,UNDER INVESTIGATION
Mangalore Rural,2015,84,3,UNDER INVESTIGATION
Mangalore Rural,2015,85,1,UNDER INVESTIGATION
Mangalore Rural,2015,86,1,UNDER INVESTIGATION
Mangalore Rural,2015,87,1,UNDER INVESTIGATION
Mangalore Rural,2015,88,0,UNDER INVESTIGATION
Mangalore Rural,2015,89,1,UNDER INVESTIGATION
Mangalore Rural,2015,90,0,UNDER INVESTIGATION
Mangalore Rural,2015,91,0,UNDER INVESTIGATION
Mangalore Rural,2015,92,1,UNDER INVESTIGATION
Mangalore Rural,2015,93,0,UNDER INVESTIGATION
Mangalore Rural,2015,94,0,UNDER INVESTIGATION
Mangalore Rural,2015,95,1,UNDER INVESTIGATION
Mangalore Rural,2015,96,0,UNDER INVESTIGATION
Mangalore Rural,2015,97,3,UNDER INVESTIGATION
Mangalore Rural,2015,98,0,UNDER INVESTIGATION
Mangalore Rural,2015,99,0,UNDER INVESTIGATION
Mangalore Rural,2015,100,0,UNDER INVESTIGATION
Mangalore Rural,2015,101,0,UNDER INVESTIGATION
Mangalore Rural,2015,102,1,UNDER INVESTIGATION
Mangalore Rural,2015,103,1,UNDER INVESTIGATION
Mangalore Rural,2015,104,1,UNDER INVESTIGATION
Mangalore Rural,2015,105,1,UNDER INVESTIGATION
Mangalore Rural,2015,106,1,UNDER INVESTIGATION
Mangalore Rural,2015,107,1,UNDER INVESTIGATION
Mangalore Rural,2015,108,0,UNDER INVESTIGATION
Mangalore Rural,2015,109,1,UNDER INVESTIGATION
Mangalore Rural,2015,110,0,UNDER INVESTIGATION
Mangalore Rural,2015,111,0,UNDER INVESTIGATION
Mangalore Rural,2015,112,0,UNDER INVESTIGATION
Mangalore Rural,2015,113,0,TRACED
Mangalore Rural,2015,114,0,UNDER INVESTIGATION
Mangalore Rural,2015,115,0,UNDER INVESTIGATION
Mangalore Rural,2015,116,1,UNDER INVESTIGATION
Mangalore Rural,2015,117,0,UNDER INVESTIGATION
Mangalore Rural,2015,118,0,UNDER INVESTIGATION
Mangalore Rural,2015,119,0,UNDER INVESTIGATION
Mangalore Rural,2015,120,1,UNDER INVESTIGATION
Mangalore Rural,2015,121,0,UNDER INVESTIGATION
Mangalore Rural,2015,122,0,UNDER INVESTIGATION
Mangalore Rural,2015,123,0,UNDER INVESTIGATION
Mangalore Rural,2015,124,1,UNDER INVESTIGATION
Mangalore Rural,2015,125,0,UNDER INVESTIGATION
Mangalore Rural,2015,126,1,UNDER INVESTIGATION
Mangalore Rural,2015,127,0,UNDER INVESTIGATION
Mangalore Rural,2015,128,0,UNDER INVESTIGATION
Mangalore Rural,2015,129,1,UNDER INVESTIGATION
Mangalore Rural,2015,130,4,UNDER INVESTIGATION
Mangalore Rural,2015,131,1,UNDER INVESTIGATION
Mangalore Rural,2015,132,1,UNDER INVESTIGATION
Mangalore Rural,2015,133,1,UNDER INVESTIGATION
Mangalore Rural,2015,134,1,UNDER INVESTIGATION
Mangalore Rural,2015,135,1,UNDER INVESTIGATION
Mangalore Rural,2015,136,1,UNDER INVESTIGATION
Mangalore Rural,2015,137,1,UNDER INVESTIGATION
Mangalore Rural,2015,138,0,UNDER INVESTIGATION
Mangalore Rural,2015,139,0,UNDER INVESTIGATION
Mangalore Rural,2015,140,0,UNDER INVESTIGATION
Mangalore Rural,2015,141,1,UNDER INVESTIGATION
Mangalore Rural,2015,142,0,UNDER INVESTIGATION
Mangalore Rural,2015,143,1,UNDER INVESTIGATION
Mangalore Rural,2015,144,2,UNDER INVESTIGATION
Mangalore Rural,2015,145,6,COURT DISPOSAL
Mangalore Rural,2015,146,1,UNDER INVESTIGATION
Mangalore Rural,2015,147,0,UNDER INVESTIGATION
Mangalore Rural,2015,148,0,UNDER INVESTIGATION
Mangalore Rural,2015,149,0,UNDER INVESTIGATION
Mangalore Rural,2015,150,0,UNDER INVESTIGATION
Mangalore Rural,2015,151,1,UNDER INVESTIGATION
Mangalore Rural,2015,152,1,UNDER INVESTIGATION
Mangalore Rural,2015,153,0,UNDER INVESTIGATION
Mangalore Rural,2015,154,0,UNDER INVESTIGATION
Mangalore Rural,2015,155,0,UNDER INVESTIGATION
Mangalore Rural,2015,156,0,UNDER INVESTIGATION
Mangalore Rural,2015,157,0,UNDER INVESTIGATION
Mangalore Rural,2015,158,0,UNDER INVESTIGATION
Mangalore Rural,2015,159,1,UNDER INVESTIGATION
Mangalore Rural,2015,160,1,UNDER INVESTIGATION
Mangalore Rural,2015,161,0,UNDER INVESTIGATION
Mangalore Rural,2015,162,0,UNDER INVESTIGATION
Mangalore Rural,2015,163,1,UNDER INVESTIGATION
Mangalore Rural,2015,164,1,UNDER INVESTIGATION
Mangalore Rural,2015,165,0,UNDER INVESTIGATION
Mangalore Rural,2015,166,1,UNDER INVESTIGATION
Mangalore Rural,2015,167,0,UNDER INVESTIGATION
Mangalore Rural,2015,168,0,UNDER INVESTIGATION
Mangalore Rural,2015,169,0,UNDER INVESTIGATION
Mangalore Rural,2015,170,0,UNDER INVESTIGATION
Mangalore Rural,2015,171,0,UNDER INVESTIGATION
Mangalore Rural,2015,172,0,UNDER INVESTIGATION
Mangalore Rural,2015,173,1,UNDER INVESTIGATION
Mangalore Rural,2015,174,0,UNDER INVESTIGATION
Mangalore Rural,2015,175,0,UNDER INVESTIGATION
Mangalore Rural,2015,176,0,UNDER INVESTIGATION
Mangalore Rural,2015,177,0,UNDER INVESTIGATION
Mangalore Rural,2015,178,1,UNDER INVESTIGATION
Mangalore Rural,2015,179,0,UNDER INVESTIGATION
Mangalore Rural,2015,180,0,UNDER INVESTIGATION
Mangalore Rural,2015,181,0,UNDER INVESTIGATION
Mangalore Rural,2015,182,0,UNDER INVESTIGATION
Mangalore Rural,2015,183,2,UNDER INVESTIGATION
Mangalore Rural,2015,184,0,UNDER INVESTIGATION
Mangalore Rural,2015,185,0,UNDER INVESTIGATION
Mangalore Rural,2015,186,0,UNDER INVESTIGATION
Mangalore Rural,2015,187,0,UNDER INVESTIGATION
Mangalore Rural,2015,188,0,UNDER INVESTIGATION
Mangalore Rural,2015,189,0,UNDER INVESTIGATION
Mangalore Rural,2015,190,0,UNDER INVESTIGATION
Mangalore Rural,2015,191,0,UNDER INVESTIGATION
Mangalore Rural,2015,192,0,UNDER INVESTIGATION
Mangalore Rural,2015,193,0,UNDER INVESTIGATION
Mangalore Rural,2015,194,0,UNDER INVESTIGATION
Mangalore Rural,2015,195,0,UNDER INVESTIGATION
Mangalore Rural,2015,196,3,UNDER INVESTIGATION
Mangalore Rural,2015,197,0,UNDER INVESTIGATION
Mangalore Rural,2015,198,0,UNDER INVESTIGATION
Moodbidri,2015,1,8,PT
Moodbidri,2015,2,-,TRACED
Moodbidri,2015,3,-,UI
Moodbidri,2015,4,1,PT
Moodbidri,2015,5,1,PT
Moodbidri,2015,6,-,TRACED
Moodbidri,2015,7,-,UI
Moodbidri,2015,8,4,PT
Moodbidri,2015,9,1,PT
Moodbidri,2015,10,1,PT
Moodbidri,2015,11,-,B REPORT
Moodbidri,2015,12,1,PT
Moodbidri,2015,13,1,PT
Moodbidri,2015,14,1,PT
Moodbidri,2015,15,-,UI
Moodbidri,2015,16,-,UI
Moodbidri,2015,17,1,PT
Moodbidri,2015,18,1,PT
Moodbidri,2015,19,7,PT
Moodbidri,2015,20,1,PT
Moodbidri,2015,21,-,UI (A - CC pending)
Moodbidri,2015,22,2,UI
Moodbidri,2015,23,1,PT
Moodbidri,2015,24,1,UI (A - CC pending)
Moodbidri,2015,25,-,UI (A - CC pending)
Moodbidri,2015,26,-,UI
Moodbidri,2015,27,-,UI
Moodbidri,2015,28,-,UI
Moodbidri,2015,29,-,UI
Moodbidri,2015,30,-,UI
Moodbidri,2015,31,-,UI
Moodbidri,2015,32,-,UI
Moodbidri,2015,33,-,Charge abet
Moodbidri,2015,34,-,TRACED
Moodbidri,2015,35,1,PT
Moodbidri,2015,36,-,-
Moodbidri,2015,37,1,UI
Moodbidri,2015,38,1,PT
Moodbidri,2015,39,1,PT
Moodbidri,2015,40,1,UI ( A-CC Pending )
Moodbidri,2015,41,-,UI
Moodbidri,2015,42,1,UI
Moodbidri,2015,43,1,PT
Moodbidri,2015,44,-,TRACED
Moodbidri,2015,45,1,UI
Moodbidri,2015,46,-,UI
Moodbidri,2015,47,-,UI
Moodbidri,2015,48,-,UI
Moodbidri,2015,49,1,UI
Moodbidri,2015,50,-,UI
Moodbidri,2015,51,-,TRACED
Moodbidri,2015,52,-,TRACED
Moodbidri,2015,53,-,UI
Moodbidri,2015,54,-,UI (CC PENDING)
Moodbidri,2015,55,1,UI
Moodbidri,2015,56,-,UI
Moodbidri,2015,57,-,UI
Moodbidri,2015,58,-,UI
Moodbidri,2015,59,1,UI
Moodbidri,2015,60,1,UI
Moodbidri,2015,61,1,UI
Moodbidri,2015,62,-,UI
Moodbidri,2015,63,1,UI
Moodbidri,2015,64,2,UI
Moodbidri,2015,65,-,TRACED
Moodbidri,2015,66,-,UI
Moodbidri,2015,67,1,UI
Moodbidri,2015,68,-,UI
Moodbidri,2015,69,-,UI
Moodbidri,2015,70,-,UI
Moodbidri,2015,71,-,UI
Moodbidri,2015,72,-,UI
Moodbidri,2015,73,-,UI
Traffic East,2014,1,1,PT
Traffic East,2014,2,1,CON
Traffic East,2014,3,1,CON
Traffic East,2014,4,1,CON
Traffic East,2014,5,1,CON
Traffic East,2014,6,1,CON
Traffic East,2014,7,1,CON
Traffic East,2014,8,1,CON
Traffic East,2014,9,1,CON
Traffic East,2014,10,1,PT
Traffic East,2014,11,1,CON
Traffic East,2014,12,1,CON
Traffic East,2014,13,1,CON
Traffic East,2014,14,1,CON
Traffic East,2014,15,1,PT
Traffic East,2014,16,1,CON
Traffic East,2014,17,1,PT
Traffic East,2014,18,1,CON
Traffic East,2014,19,1,CON
Traffic East,2014,20,1,CON
Traffic East,2014,21,1,PT
Traffic East,2014,22,1,PT
Traffic East,2014,23,1,PT
Traffic East,2014,24,1,CON
Traffic East,2014,25,1,CON
Traffic East,2014,26,1,CON
Traffic East,2014,27,1,CON
Traffic East,2014,28,1,PT
Traffic East,2014,29,1,PT
Traffic East,2014,30,1,CON
Traffic East,2014,31,1,PT
Traffic East,2014,32,1,PT
Traffic East,2014,33,1,PT
Traffic East,2014,34,1,PT
Traffic East,2014,35,1,CON
Traffic East,2014,36,1,PT
Traffic East,2014,37,1,CON
Traffic East,2014,38,1,CON
Traffic East,2014,39,1,CON
Traffic East,2014,40,1,CON
Traffic East,2014,41,1,CON
Traffic East,2014,42,1,PT
Traffic East,2014,43,1,PT
Traffic East,2014,44,1,CON
Traffic East,2014,45,1,CON
Traffic East,2014,46,1,CON
Traffic East,2014,47,1,CON
Traffic East,2014,48,1,CON
Traffic East,2014,49,1,PT
Traffic East,2014,50,1,CON
Traffic East,2014,51,1,PT
Traffic East,2014,52,1,CON
Traffic East,2014,53,1,PT
Traffic East,2014,54,1,PT
Traffic East,2014,55,1,CON
Traffic East,2014,56,1,PT
Traffic East,2014,57,1,PT
Traffic East,2014,58,1,CON
Traffic East,2014,59,1,PT
Traffic East,2014,60,1,PT
Traffic East,2014,61,1,PT
Traffic East,2014,62,1,CON
Traffic East,2014,63,1,PT
Traffic East,2014,64,1,CON
Traffic East,2014,65,1,CON
Traffic East,2014,66,1,CON
Traffic East,2014,67,0,C reported Submitted
Traffic East,2014,68,1,PT
Traffic East,2014,69,1,PT
Traffic East,2014,70,1,PT
Traffic East,2014,71,1,CON
Traffic East,2014,72,1,CON
Traffic East,2014,73,1,PT
Traffic East,2014,74,1,PT
Traffic East,2014,75,1,PT
Traffic East,2014,76,1,PT
Traffic East,2014,77,1,PT
Traffic East,2014,78,1,PT
Traffic East,2014,79,1,CON
Traffic East,2014,80,1,CON
Traffic East,2014,81,2,PT
Traffic East,2014,82,1,CON
Traffic East,2014,83,1,PT
Traffic East,2014,84,1,CON
Traffic East,2014,85,1,CON
Traffic East,2014,86,1,CON
Traffic East,2014,87,1,PT
Traffic East,2014,88,1,PT
Traffic East,2014,89,1,PT
Traffic East,2014,90,1,PT
Traffic East,2014,91,0,C reported Submitted
Traffic East,2014,92,1,CON
Traffic East,2014,93,1,PT
Traffic East,2014,94,1,PT
Traffic East,2014,95,1,PT
Traffic East,2014,96,1,PT
Traffic East,2014,97,1,CON
Traffic East,2014,98,1,PT
Traffic East,2014,99,1,PT
Traffic East,2014,100,1,CON
Traffic East,2014,101,1,PT
Traffic East,2014,102,1,PT
Traffic East,2014,103,1,CON
Traffic East,2014,104,1,PT
Traffic East,2014,105,1,PT
Traffic East,2014,106,1,PT
Traffic East,2014,107,1,CON
Traffic East,2014,108,1,PT
Traffic East,2014,109,1,PT
Traffic East,2014,110,1,PT
Traffic East,2014,111,1,PT
Traffic East,2014,112,1,CON
Traffic East,2014,113,1,PT
Traffic East,2014,114,1,PT
Traffic East,2014,115,1,PT
Traffic East,2014,116,1,PT
Traffic East,2014,117,1,CON
Traffic East,2014,118,2,PT
Traffic East,2014,119,1,CON
Traffic East,2014,120,1,PT
Traffic East,2014,121,1,CON
Traffic East,2014,122,1,CON
Traffic East,2014,123,1,PT
Traffic East,2014,124,1,CON
Traffic East,2014,125,1,PT
Traffic East,2014,126,1,PT
Traffic East,2014,127,1,PT
Traffic East,2014,128,1,PT
Traffic East,2014,129,1,PT
Traffic East,2014,130,1,CON
Traffic East,2014,131,1,UI
Traffic East,2014,132,1,UI
Traffic East,2014,133,1,UI
Traffic East,2014,134,1,UI
Traffic East,2014,135,1,PT
Traffic East,2014,136,0,C reported Submitted
Traffic East,2014,137,1,UI
Traffic East,2014,138,0,undetected
Traffic East,2014,139,1,UI
Traffic East,2014,140,1,UI
Traffic East,2014,141,1,UI
Traffic East,2014,142,1,PT
Traffic East,2014,143,1,UI
Traffic East,2014,144,1,UI
Traffic East,2014,145,1,UI
Traffic East,2014,146,1,UI
Traffic East,2014,147,1,PT
Traffic East,2014,148,1,PT
Traffic East,2014,149,1,CON
Traffic East,2014,150,1,PT
Traffic East,2014,151,1,UI
Traffic East,2014,152,1,UI
Traffic East,2014,153,1,UI
Traffic East,2014,154,1,UI
Traffic East,2014,155,1,CON
Traffic East,2014,156,1,UI
Traffic East,2014,157,1,UI
Traffic East,2014,158,1,UI
Traffic East,2014,159,1,U I
Traffic East,2014,160,1,UI
Traffic East,2014,161,1,UI
Traffic East,2014,162,1,UI
Traffic East,2014,163,1,UI
Traffic East,2014,164,1,CON
Traffic East,2014,165,1,U I
Traffic East,2014,166,1,CON
Traffic East,2014,167,1,PT
Traffic East,2014,168,1,PT
Traffic East,2014,169,1,UI
Traffic East,2014,170,1,UI
Traffic East,2014,171,1,CON
Traffic East,2014,172,1,UI
Traffic East,2014,173,1,U I
Traffic East,2014,174,1,UI
Traffic East,2014,175,1,PT
Traffic East,2014,176,1,UI
Traffic East,2014,177,1,UI
Traffic East,2014,178,1,UI
Traffic East,2014,179,1,UI
Traffic East,2014,180,1,UI
Traffic East,2014,181,1,PT
Traffic East,2014,182,1,CON
Traffic East,2014,183,1,U I
Traffic East,2014,184,1,U I
Traffic East,2014,185,1,PT
Traffic East,2014,186,1,U I
Traffic East,2014,187,1,U I
Traffic East,2014,188,1,U I
Traffic East,2014,189,1,U I
Traffic East,2014,190,1,U I
Traffic East,2014,191,1,PT
Traffic East,2014,192,1,PT
Traffic East,2014,193,1,U I
Traffic East,2014,194,1,U I
Traffic East,2014,195,1,PT
Traffic East,2014,196,1,U I
Traffic East,2014,197,1,U I
Traffic East,2014,198,1,PT
Traffic East,2014,199,1,U I
Traffic East,2014,200,1,U I
Traffic East,2014,201,1,U I
Traffic East,2014,202,1,U I
Traffic East,2014,203,1,U I
Traffic East,2014,204,1,U I
Traffic East,2014,205,1,U I
Traffic East,2014,206,1,U I
Traffic East,2014,207,1,U I
Traffic East,2014,208,1,U I
Traffic East,2014,209,1,U I
Traffic East,2014,210,1,U I
Traffic East,2014,211,1,U I
Traffic East,2014,212,1,U I
Traffic East,2014,213,1,U I
Traffic East,2014,214,1,UI
Traffic East,2014,215,1,UI
Traffic East,2014,216,1,U I
Traffic East,2014,217,1,UI
Traffic East,2014,218,1,UI
Traffic East,2014,219,1,UI
Traffic East,2014,220,1,UI
Traffic East,2014,221,1,UI
Traffic East,2014,222,1,U I
Traffic East,2014,223,1,PT
Traffic East,2014,224,1,U I
Traffic East,2014,225,1,UI
Traffic East,2014,226,1,UI
Traffic East,2014,227,1,UI
Traffic East,2014,228,1,UI
Traffic East,2014,229,1,UI
Traffic East,2014,230,1,UI
Traffic East,2014,231,1,UI
Traffic East,2014,232,1,UI
Traffic East,2014,233,1,UI
Traffic East,2014,234,1,U I
Traffic East,2014,235,1,UI
Traffic East,2014,236,1,UI
Traffic East,2015,1,1,PT
Traffic East,2015,2,1,UI
Traffic East,2015,3,1,UI
Traffic East,2015,4,1,UI
Traffic East,2015,5,1,UI
Traffic East,2015,6,1,UI
Traffic East,2015,7,1,UI
Traffic East,2015,8,1,UI
Traffic East,2015,9,1,UI
Traffic East,2015,10,1,UI
Traffic East,2015,11,1,UI
Traffic East,2015,12,1,UI
Traffic East,2015,13,1,UI
Traffic East,2015,14,1,UI
Traffic East,2015,15,1,UI
Traffic East,2015,16,1,UI
Traffic East,2015,17,1,U I
Traffic East,2015,18,1,U I
Traffic East,2015,19,1,UI
Traffic East,2015,20,1,U I
Traffic East,2015,21,1,U I
Trafic East,2015,22,1,UI
Traffic East,2015,23,1,UI
Traffic East,2015,24,1,UI
Traffic East,2015,25,1,UI
Traffic East,2015,26,1,UI
Traffic East,2015,27,1,UI
Traffic East,2015,28,1,UI
Traffic East,2015,29,1,UI
Traffic East,2015,30,1,UI
Traffic East,2015,31,1,UI
Traffic East,2015,32,1,UI
Traffic East,2015,33,1,UI
Traffic East,2015,34,1,UI
Traffic East,2015,35,1,U I
Traffic East,2015,36,1,U I
Traffic East,2015,37,1,U I
Traffic East,2015,38,1,UI
Traffic East,2015,39,1,U I
Traffic East,2015,40,1,U I
Traffic East,2015,41,1,U I
Traffic East,2015,42,1,UI
Traffic East,2015,43,1,U I
Traffic East,2015,44,1,UI
Traffic East,2015,45,1,UI
Traffic East,2015,46,1,UI
Traffic East,2015,47,1,UI
Traffic East,2015,48,1,UI
Traffic East,2015,49,1,U I
Traffic East,2015,50,1,U I
Traffic East,2015,51,1,UI
Traffic East,2015,52,1,U I
Traffic East,2015,53,1,U I
Traffic East,2015,54,1,UI
Traffic East,2015,55,1,UI
Traffic East,2015,56,1,UI
Traffic East,2015,57,1,U I
Traffic East,2015,58,1,U I
Traffic East,2015,59,1,U I
Traffic East,2015,60,1,U I
Traffic East,2015,61,1,UI
Traffic East,2015,62,1,U I
Traffic East,2015,63,1,U I
Traffic East,2015,64,1,U I
Traffic East,2015,65,1,U I
Traffic East,2015,66,1,U I
Traffic East,2015,67,1,U I
Traffic East,2015,68,1,U I
Traffic East,2015,69,1,U I
Traffic East,2015,70,1,U I
Traffic East,2015,71,1,U I
Traffic East,2015,72,1,U I
Traffic East,2015,73,1,UI
Traffic East,2015,74,1,UI
Traffic East,2015,75,1,UI
Traffic East,2015,76,1,UI
Traffic East,2015,77,1,UI
Traffic East,2015,78,1,UI
Traffic East,2015,79,1,UI
Traffic East,2015,80,1,UI
Traffic East,2015,81,1,UI
Traffic East,2015,82,1,UI
Traffic East,2015,83,1,UI
Traffic East,2015,84,1,UI
Traffic East,2015,85,1,UI
Traffic East,2015,86,1,UI
Traffic East,2015,87,1,UI
Traffic East,2015,88,1,UI
Traffic East,2015,89,1,UI
Traffic East,2015,90,1,UI
Traffic East,2015,91,1,UI
Traffic East,2015,92,1,UI
Traffic East,2015,93,1,UI
Traffic East,2015,94,1,UI
Traffic East,2015,95,1,UI
Traffic East,2015,96,1,UI
Traffic East,2015,97,1,UI
Traffic East,2015,98,1,UI
Traffic East,2015,99,1,UI
Traffic East,2015,100,1,UI
Traffic East,2015,101,1,UI
Traffic East,2015,102,1,UI
Traffic East,2015,103,1,UI
Traffic East,2015,104,1,UI
Traffic West,2014,1,1,Convicted
Traffic West,2014,2,1,Convicted
Traffic West,2014,3,1,Convicted
Traffic West,2014,4,1,Convicted
Traffic West,2014,5,1,Convicted
Traffic West,2014,6,1,Convicted
Traffic West,2014,7,1,Convicted
Traffic West,2014,8,1,Convicted
Traffic West,2014,9,1,Convicted
Traffic West,2014,10,1,Convicted
Traffic West,2014,11,1,Convicted
Traffic West,2014,12,1,Convicted
Traffic West,2014,13,1,Convicted
Traffic West,2014,14,1,Convicted
Traffic West,2014,15,1,PENDING TRIAL
Traffic West,2014,16,1,Convicted
Traffic West,2014,17,1,Convicted
Traffic West,2014,15,1,Convicted
Traffic West,2014,18,1,Convicted
Traffic West,2014,19,1,PENDING TRIAL
Traffic West,2014,20,1,Convicted
Traffic West,2014,21,1,Convicted
Traffic West,2014,22,1,Convicted
Traffic West,2014,23,1,CHARGE ABATED
Traffic West,2014,24,1,PENDING TRIAL
Traffic West,2014,25,1,Convicted
Traffic West,2014,26,1,Convicted
Traffic West,2014,27,1,Convicted
Traffic West,2014,28,1,Convicted
Traffic West,2014,29,1,PENDING TRIAL
Traffic West,2014,30,1,Convicted
Traffic West,2014,31,1,Convicted
Traffic West,2014,32,1,Convicted
Traffic West,2014,33,1,Convicted
Traffic West,2014,34,1,Convicted
Traffic West,2014,35,1,Convicted
Traffic West,2014,36,1,Convicted
Traffic West,2014,37,1,UN
Traffic West,2014,38,1,Convicted
Traffic West,2014,39,1,Convicted
Traffic West,2014,40,1,Convicted
Traffic West,2014,41,1,Convicted
Traffic West,2014,42,1,PENDING TRIAL
Traffic West,2014,43,1,Convicted
Traffic West,2014,44,1,Convicted
Traffic West,2014,45,1,PENDING TRIAL
Traffic West,2014,46,1,Convicted
Traffic West,2014,47,1,Convicted
Traffic West,2014,48,1,PENDING TRIAL
Traffic West,2014,49,1,Convicted
Traffic West,2014,50,1,Convicted
Traffic West,2014,51,1,Convicted
Traffic West,2014,52,1,Convicted
Traffic West,2014,53,1,Convicted
Traffic West,2014,54,1,Convicted
Traffic West,2014,55,1,Convicted
Traffic West,2014,56,1,PENDING TRIAL
Traffic West,2014,57,1,Convicted
Traffic West,2014,58,1,PENDING TRIAL
Traffic West,2014,59,1,Convicted
Traffic West,2014,60,1,PENDING TRIAL
Traffic West,2014,61,1,Convicted
Traffic West,2014,62,1,PENDING TRIAL
Traffic West,2014,63,1,PENDING TRIAL
Traffic West,2014,64,1,Convicted
Traffic West,2014,65,1,PENDING TRIAL
Traffic West,2014,66,1,Convicted
Traffic West,2014,67,1,Convicted
Traffic West,2014,68,1,Convicted
Traffic West,2014,69,1,PENDING TRIAL
Traffic West,2014,70,1,PENDING TRIAL
Traffic West,2014,71,1,PENDING TRIAL
Traffic West,2014,72,1,PENDING TRIAL
Traffic West,2014,73,1,Convicted
Traffic West,2014,74,1,PENDING TRIAL
Traffic West,2014,75,1,PENDING TRIAL
Traffic West,2014,76,1,Convicted
Traffic West,2014,77,1,Convicted
Traffic West,2014,78,1,PENDING TRIAL
Traffic West,2014,79,1,Convicted
Traffic West,2014,80,1,Convicted
Traffic West,2014,81,1,Convicted
Traffic West,2014,82,1,Convicted
Traffic West,2014,83,1,PENDING TRIAL
Traffic West,2014,84,1,PENDING TRIAL
Traffic West,2014,85,1,Convicted
Traffic West,2014,86,1,PENDING TRIAL
Traffic West,2014,87,1,PENDING TRIAL
Traffic West,2014,88,1,Convicted
Traffic West,2014,89,1,PENDING TRIAL
Traffic West,2014,90,1,PENDING TRIAL
Traffic West,2014,91,1,Convicted
Traffic West,2014,92,1,Convicted
Traffic West,2014,93,1,Convicted
Traffic West,2014,94,1,Convicted
Traffic West,2014,95,1,Convicted
Traffic West,2014,96,1,Convicted
Traffic West,2014,97,1,Convicted
Traffic West,2014,98,1,Convicted
Traffic West,2014,99,1,PENDING TRIAL
Traffic West,2014,100,1,Convicted
Traffic West,2014,101,1,PENDING TRIAL
Traffic West,2014,102,1,Convicted
Traffic West,2014,103,1,PENDING TRIAL
Traffic West,2014,104,1,PENDING TRIAL
Traffic West,2014,105,1,PENDING TRIAL
Traffic West,2014,106,1,PENDING TRIAL
Traffic West,2014,107,1,PENDING TRIAL
Traffic West,2014,108,1,PENDING TRIAL
Traffic West,2014,109,1,Convicted
Traffic West,2014,110,1,Convicted
Traffic West,2014,111,1,PENDING TRIAL
Traffic West,2014,112,1,PENDING TRIAL
Traffic West,2014,113,1,PENDING TRIAL
Traffic West,2014,114,1,PENDING TRIAL
Traffic West,2014,115,1,Convicted
Traffic West,2014,116,1,PENDING TRIAL
Traffic West,2014,117,1,PENDING TRIAL
Traffic West,2014,118,1,Convicted
Traffic West,2014,119,1,PENDING TRIAL
Traffic West,2014,120,1,PENDING TRIAL
Traffic West,2014,121,1,PENDING TRIAL
Traffic West,2014,122,1,PENDING TRIAL
Traffic West,2014,123,1,PENDING TRIAL
Traffic West,2014,124,1,PENDING TRIAL
Traffic West,2014,125,1,PENDING TRIAL
Traffic West,2014,126,1,PENDING TRIAL
Traffic West,2014,127,1,Convicted
Traffic West,2014,128,1,PENDING TRIAL
Traffic West,2014,129,1,PENDING TRIAL
